Workbook

Sheet Valor por dia de pagamento
E1: Entraram e permanecem | J1: Entraram e já sairam | N1: Total de entrada | Q1: Total de saida
A3: Soma de Valor 2025 | E3: Soma de QDE DE CÃES | J3: Soma de QDE DE CÃES | Q3: Soma de QDE DE CÃES
A4: Dia | B4: Total | E4: Ano | F4: Mês | G4: Total | J4: Ano | K4: Mês | L4: Total | O4: =SUM(O6:O22) -> 407 | Q4: Ano Saída | R4: Mês Saida | S4: Total
A5: 1 | B5: 2068.75 | E5: 2011 | F5: 6 | G5: 1 | J5: 2009 | K5: 8 | L5: 1 | Q5: 2017 | R5: 1 | S5: 7
A6: 2 | B6: 5610.5525 | E6: 2011 Total | G6: 1 | J6: 2009 Total | L6: 1 | R6: 2 | S6: 1
A7: 3 | B7: 714 | E7: (vazio) | J7: 2010 | K7: 10 | L7: 2 | N7: 2011 | O7: =GETPIVOTDATA("QDE DE CÃES",$E$3,"Ano",2011)+GETPIVOTDATA("QDE DE CÃES",$J$3,"Ano",2011) -> 5 | R7: 3 | S7: 1
A8: 4 | B8: 1357.95 | E8: 2014 | F8: 4 | G8: 5 | K8: 11 | L8: 5 | N8: 2012 | O8: =GETPIVOTDATA("QDE DE CÃES",$J$3,"Ano",2012) -> 12 | R8: 4 | S8: 6
A9: 5 | B9: 714 | E9: 2014 Total | G9: 5 | J9: 2010 Total | L9: 7 | N9: 2013 | O9: =GETPIVOTDATA("QDE DE CÃES",$J$3,"Ano",2013) -> 6 | R9: 5 | S9: 1
A10: 8 | B10: 1392.3 | E10: 2015 | F10: 5 | G10: 1 | J10: 2011 | K10: 1 | L10: 1 | N10: 2014 | O10: =GETPIVOTDATA("QDE DE CÃES",$E$3,"Ano",2014)+GETPIVOTDATA("QDE DE CÃES",$J$3,"Ano",2014) -> 27 | R10: 6 | S10: 4
A11: 9 | B11: 2249.1 | F11: 9 | G11: 2 | K11: 5 | L11: 1 | N11: 2015 | O11: =GETPIVOTDATA("QDE DE CÃES",$E$3,"Ano",2015)+GETPIVOTDATA("QDE DE CÃES",$J$3,"Ano",2015) -> 26 | R11: 7 | S11: 4
A12: 10 | B12: 4110.6 | F12: 11 | G12: 1 | K12: 6 | L12: 1 | N12: 2016 | O12: =GETPIVOTDATA("QDE DE CÃES",$E$3,"Ano",2016)+GETPIVOTDATA("QDE DE CÃES",$J$3,"Ano",2016) -> 50 | R12: 8 | S12: 2
A13: 11 | B13: 714 | E13: 2015 Total | G13: 4 | K13: 9 | L13: 1 | N13: 2017 | O13: =GETPIVOTDATA("QDE DE CÃES",$E$3,"Ano",2017)+GETPIVOTDATA("QDE DE CÃES",$J$3,"Ano",2017) -> 37 | R13: 9 | S13: 2
A14: 12 | B14: 2710.92 | E14: 2016 | F14: 1 | G14: 1 | J14: 2011 Total | L14: 4 | N14: 2018 | O14: =GETPIVOTDATA("QDE DE CÃES",$E$3,"Ano",2018)+GETPIVOTDATA("QDE DE CÃES",$J$3,"Ano",2018) -> 34 | R14: 10 | S14: 1
A15: 13 | B15: 3677.1 | F15: 10 | G15: 1 | J15: 2012 | K15: 1 | L15: 1 | N15: 2019 | O15: =GETPIVOTDATA("QDE DE CÃES",$E$3,"Ano",2019)+GETPIVOTDATA("QDE DE CÃES",$J$3,"Ano",2019) -> 32 | R15: 12 | S15: 8
A16: 14 | B16: 1484.96 | E16: 2016 Total | G16: 2 | K16: 2 | L16: 1 | N16: 2020 | O16: =GETPIVOTDATA("QDE DE CÃES",$E$3,"Ano",2020)+GETPIVOTDATA("QDE DE CÃES",$J$3,"Ano",2020) -> 38 | Q16: 2017 Soma | S16: 37
A17: 16 | B17: 2026.5 | E17: 2017 | F17: 5 | G17: 1 | K17: 3 | L17: 1 | N17: 2021 | O17: =GETPIVOTDATA("QDE DE CÃES",$E$3,"Ano",2021)+GETPIVOTDATA("QDE DE CÃES",$J$3,"Ano",2021) -> 44 | Q17: 2018 | R17: 1 | S17: 2
A18: 17 | B18: 2852.43 | F18: 8 | G18: 1 | K18: 4 | L18: 2 | N18: 2022 | O18: =GETPIVOTDATA("QDE DE CÃES",$E$3,"Ano",2022)+GETPIVOTDATA("QDE DE CÃES",$J$3,"Ano",2022) -> 46 | R18: 2 | S18: 4
A19: 18 | B19: 749.7 | E19: 2017 Total | G19: 2 | K19: 6 | L19: 2 | N19: 2023 | O19: =GETPIVOTDATA("QDE DE CÃES",$E$3,"Ano",2023)+GETPIVOTDATA("QDE DE CÃES",$J$3,"Ano",2023) -> 20 | R19: 3 | S19: 1
A20: 19 | B20: 3624.6 | E20: 2018 | F20: 1 | G20: 1 | K20: 9 | L20: 1 | N20: 2024 | O20: =GETPIVOTDATA("QDE DE CÃES",$E$3,"Ano",2024)+GETPIVOTDATA("QDE DE CÃES",$J$3,"Ano",2024) -> 23 | R20: 4 | S20: 3
A21: 20 | B21: 714 | F21: 9 | G21: 1 | K21: 11 | L21: 1 | N21: 2025 | O21: =GETPIVOTDATA("QDE DE CÃES",$E$3,"Ano",2025) -> 7 | R21: 5 | S21: 1
A22: 21 | B22: 1544.03 | E22: 2018 Total | G22: 2 | K22: 12 | L22: 3 | R22: 6 | S22: 6
A23: 22 | B23: 714 | E23: 2019 | F23: 4 | G23: 1 | J23: 2012 Total | L23: 12 | R23: 7 | S23: 2
A24: 23 | B24: 1463.7 | F24: 12 | G24: 1 | J24: 2013 | K24: 1 | L24: 1 | R24: 8 | S24: 1
A25: 24 | B25: 2109.18 | E25: 2019 Total | G25: 2 | K25: 2 | L25: 1 | R25: 9 | S25: 2
A26: 25 | B26: 2249.1 | E26: 2020 | F26: 5 | G26: 2 | K26: 7 | L26: 1 | R26: 10 | S26: 4
A27: 27 | B27: 714 | F27: 10 | G27: 1 | K27: 8 | L27: 1 | R27: 11 | S27: 2
A28: 29 | B28: 4174.67 | F28: 12 | G28: 1 | K28: 9 | L28: 1 | R28: 12 | S28: 2
A29: 30 | B29: 2213.4 | E29: 2020 Total | G29: 4 | K29: 11 | L29: 1 | Q29: 2018 Soma | S29: 30
A30: Total Geral | B30: 51953.542 | E30: 2021 | F30: 1 | G30: 3 | J30: 2013 Total | L30: 6 | Q30: 2019 | R30: 1 | S30: 3
F31: 5 | G31: 3 | J31: 2014 | K31: 2 | L31: 1 | R31: 2 | S31: 2
F32: 6 | G32: 1 | K32: 3 | L32: 1 | R32: 3 | S32: 3
F33: 8 | G33: 1 | K33: 4 | L33: 3 | R33: 4 | S33: 2
F34: 10 | G34: 3 | K34: 5 | L34: 2 | R34: 5 | S34: 2
F35: 11 | G35: 1 | K35: 7 | L35: 3 | R35: 6 | S35: 2
F36: 12 | G36: 1 | K36: 8 | L36: 6 | R36: 7 | S36: 8
E37: 2021 Total | G37: 13 | K37: 9 | L37: 4 | R37: 8 | S37: 3
E38: 2022 | F38: 3 | G38: 2 | K38: 10 | L38: 2 | R38: 10 | S38: 4
F39: 4 | G39: 1 | J39: 2014 Total | L39: 22 | Q39: 2019 Soma | S39: 29
F40: 8 | G40: 1 | J40: 2015 | K40: 1 | L40: 2 | Q40: 2020 | R40: 1 | S40: 3
F41: 12 | G41: 1 | K41: 2 | L41: 2 | R41: 2 | S41: 4
E42: 2022 Total | G42: 5 | K42: 3 | L42: 2 | R42: 3 | S42: 5
E43: 2023 | F43: 3 | G43: 1 | K43: 4 | L43: 4 | R43: 5 | S43: 3
F44: 4 | G44: 2 | K44: 5 | L44: 1 | R44: 6 | S44: 4
F45: 7 | G45: 1 | K45: 6 | L45: 2 | R45: 8 | S45: 3
F46: 8 | G46: 1 | K46: 7 | L46: 1 | R46: 9 | S46: 1
E47: 2023 Total | G47: 5 | K47: 8 | L47: 2 | R47: 10 | S47: 4
E48: 2024 | F48: 2 | G48: 1 | K48: 9 | L48: 5 | R48: 11 | S48: 1
F49: 3 | G49: 2 | K49: 11 | L49: 1 | R49: 12 | S49: 6
F50: 5 | G50: 2 | J50: 2015 Total | L50: 22 | Q50: 2020 Soma | S50: 34
F51: 6 | G51: 3 | J51: 2016 | K51: 1 | L51: 10 | Q51: 2021 | R51: 2 | S51: 3
F52: 8 | G52: 3 | K52: 2 | L52: 6 | R52: 3 | S52: 3
F53: 10 | G53: 3 | K53: 3 | L53: 4 | R53: 4 | S53: 1
F54: 12 | G54: 3 | K54: 4 | L54: 1 | R54: 5 | S54: 5
E55: 2024 Total | G55: 17 | K55: 5 | L55: 1 | R55: 6 | S55: 3
E56: 2025 | F56: 1 | G56: 3 | K56: 6 | L56: 1 | R56: 7 | S56: 3
F57: 2 | G57: 3 | K57: 7 | L57: 8 | R57: 8 | S57: 1
F58: 3 | G58: 1 | K58: 8 | L58: 7 | R58: 9 | S58: 4
E59: 2025 Total | G59: 7 | K59: 9 | L59: 4 | R59: 10 | S59: 2
E60: Total Geral | G60: 69 | K60: 10 | L60: 4 | R60: 11 | S60: 3
K61: 12 | L61: 2 | R61: 12 | S61: 4
J62: 2016 Total | L62: 48 | Q62: 2021 Soma | S62: 32
J63: 2017 | K63: 1 | L63: 2 | Q63: 2022 | R63: 1 | S63: 3
K64: 2 | L64: 3 | R64: 2 | S64: 2
K65: 3 | L65: 5 | R65: 3 | S65: 2
K66: 4 | L66: 1 | R66: 4 | S66: 5
K67: 5 | L67: 4 | R67: 5 | S67: 2
K68: 6 | L68: 2 | R68: 7 | S68: 1
K69: 7 | L69: 2 | R69: 8 | S69: 5
K70: 8 | L70: 5 | R70: 9 | S70: 3
K71: 9 | L71: 3 | R71: 10 | S71: 2
K72: 10 | L72: 3 | R72: 12 | S72: 4
K73: 11 | L73: 5 | Q73: 2022 Soma | S73: 29
J74: 2017 Total | L74: 35 | Q74: 2023 | R74: 1 | S74: 3
J75: 2018 | K75: 1 | L75: 5 | R75: 2 | S75: 2
K76: 2 | L76: 3 | R76: 3 | S76: 1
K77: 3 | L77: 2 | R77: 4 | S77: 2
K78: 4 | L78: 2 | R78: 5 | S78: 10
K79: 5 | L79: 2 | R79: 6 | S79: 6
K80: 6 | L80: 2 | R80: 7 | S80: 2
K81: 7 | L81: 2 | R81: 8 | S81: 3
K82: 8 | L82: 3 | R82: 9 | S82: 7
K83: 9 | L83: 1 | R83: 10 | S83: 2
K84: 10 | L84: 4 | R84: 11 | S84: 3
K85: 11 | L85: 5 | R85: 12 | S85: 3
K86: 12 | L86: 1 | Q86: 2023 Soma | S86: 44
J87: 2018 Total | L87: 32 | Q87: 2024 | R87: 1 | S87: 5
J88: 2019 | K88: 2 | L88: 2 | R88: 2 | S88: 2
K89: 3 | L89: 6 | R89: 3 | S89: 2
K90: 4 | L90: 1 | R90: 4 | S90: 2
K91: 7 | L91: 2 | R91: 5 | S91: 3
K92: 8 | L92: 1 | R92: 6 | S92: 3
K93: 9 | L93: 3 | R93: 7 | S93: 3
K94: 10 | L94: 2 | R94: 8 | S94: 2
K95: 11 | L95: 5 | R95: 10 | S95: 4
K96: 12 | L96: 8 | R96: 11 | S96: 3
J97: 2019 Total | L97: 30 | Q97: 2024 Soma | S97: 29
J98: 2020 | K98: 1 | L98: 4 | Q98: 2025 | R98: 1 | S98: 3
K99: 2 | L99: 1 | R99: 2 | S99: 1
K100: 3 | L100: 1 | Q100: 2025 Soma | S100: 4
K101: 4 | L101: 2 | Q101: Total Geral | S101: 268
...

Sheet Lista
A1: Nome | B1: RG | C1: CPF | D1: Telefone | E1: Endereço | F1: Bairro | G1: Cidade | H1: Cep | I1: Email | J1: Nome do cão | K1: QDE DE CÃES | L1: Data de pagamento | M1: Dia | N1: Mês | O1: Ano | P1: Valor 2019 e 2020 | Q1: Valor 2021 | R1: Valor 2022 | S1: Valor 2023 | T1: Valor 2024 | U1: Valor 2025 | V1: Valor 2026 | W1: =SUM(K:K) -> 71 | X1: =SUM(V:V) -> 54326.558 | Y1: =X1/W1 -> 765.16278 | AC1: adicional
A2: ANA PAULA DE OLIVEIRA VIEIRA | B2: 50320046-3 | C2: 042486506-81 | D2: 11 3763-3068 | E2: RUA EULO MARONI N°171 BLC05 APTO 31 | F2: VILA LAGEADO | G2: São Paulo | H2: 05338-100 | I2: apovieira@yahoo.com | J2: LUNA | K2: 1 | L2: 40715 | M2: =DAY(L2) -> 21 | N2: =MONTH(L2) -> 6 | O2: =YEAR(L2) -> 2011 | P2: 1077.5342 | Q2: 620 | R2: 686.42866 | S2: =R2*1.09677 -> 752.85436 | T2: =ROUNDUP(S2*1.05,2) -> 790.5 | U2: =ROUNDUP(T2*1.05,2) -> 830.03 | V2: =U2*1.075 -> 892.28225 | W2: =6*V2 -> 5353.6935 | Y2: EMITIDO BOLETOS DE JAN A JUN26 | AE2: ANA PAULA DE OLIVEIRA VIEIRA
A3: NEIVA DOURADO MARTINS MENDES | B3: 18420741 | C3: 030283108-80 | D3: 11 4121-7832 | E3: RUA DOMICIANO ROSSI 600 APTO193 H | F3: SÃO BERNARDO DO CAMPO | G3: SÃO BERNARDO DO CAMPO | H3: 09726-121 | I3: neiva.mendes@uol.com.br | J3: BELINHA , FAROFA, PIPOCA E NINA | K3: 4 | L3: 41731 | M3: =DAY(L3) -> 2 | N3: =MONTH(L3) -> 4 | O3: =YEAR(L3) -> 2014 | P3: 3334.7601 | Q3: 4017.44 | R3: 4447.8806 | S3: 4268.51 | T3: 3841.66 | U3: =((T3/6)*K3)*1.05 -> 2689.162 | V3: =U3*1.075 -> 2890.8491 | W3: =6*V3 -> 17345.095 | X3: DDA | Y3: EMITIDO BOLETOS JAN A DEZ26 | AE3: NEIVA DOURADO MARTINS MENDES
A4: KARINA ROLIM PEREIRA DOS SANTOS | B4: 43618716 | C4: 316771568-56 | D4: 11 2309-9402 | E4: RUA ANTONIO AGGIO,400 APTO 41 | F4: JARDIM AMPLIAÇÃO | G4: São Paulo | H4: 05713-420 | I4: karinarolim@hotmail.com | J4: VALENTINO | K4: 1 | L4: 42154 | M4: =DAY(L4) -> 30 | N4: =MONTH(L4) -> 5 | O4: =YEAR(L4) -> 2015 | P4: 530.00002 | Q4: 560.00002 | R4: 620.0001 | S4: =R4*1.09677 -> 679.99751 | T4: =ROUNDUP(S4*1.05,2) -> 714 | U4: =ROUNDUP(T4*1.05,2) -> 749.7 | V4: =U4*1.075 -> 805.9275 | W4: =6*V4 -> 4835.565 | Y4: EMITIDO BOLETOS DE JAN A JUN26 | AE4: KARINA ROLIM PEREIRA DOS SANTOS
A5: BEATRIZ MOURA XAVIER GARCIA | B5: 18.432.729-5 | C5: 524.372.148-44 | D5: 11 98688-2273 | E5: AVENIDA PAVÃO 231 APTO 164 B | F5: INDIANOPOLIS | G5: São Paulo | H5: 04516-010 | I5: biamxgarcia@gmail.com | J5: DUDA E FILO | K5: 2 | L5: 42264 | M5: =DAY(L5) -> 17 | N5: =MONTH(L5) -> 9 | O5: =YEAR(L5) -> 2015 | P5: 1656.25 | Q5: 1064 | R5: 1767.0002 | S5: 1292 | T5: =ROUNDUP(S5*1.05,2) -> 1356.6 | U5: =ROUNDUP(T5*1.05,2) -> 1424.43 | V5: =U5*1.075 -> 1531.2622 | W5: =3*V5 -> 4593.7868 | Y5: EMITIDO BOLETOS JAN A JUN26 | AE5: LUCIA HELENA MOURA XAVIER GARCIA
A6: SAMANTHA SARAIVA | B6: MG2087209 | C6: 011750776-82 | D6: 11 942492977 | E6: RUA PEIXOTO GOMIDE, 1769 APTO 31 | F6: JARDIM PAULISTA | G6: São Paulo | H6: 01409-000 | I6: samantha.saraiva@gmail.com | J6: VIVIAN | K6: 1 | L6: 42322 | M6: =DAY(L6) -> 14 | N6: =MONTH(L6) -> 11 | O6: =YEAR(L6) -> 2015 | P6: 595.5 | Q6: 629.20755 | R6: 696.62273 | S6: =R6*1.09677 -> 764.03491 | T6: =ROUNDUP(S6*1.05,2) -> 802.24 | U6: =ROUNDUP(T6*1.05,2) -> 842.36 | V6: =U6*1.075 -> 905.537 | W6: =6*V6 -> 5433.222 | X6: =W6/6 -> 905.537 | Y6: EMITIDO BOLETOS JAN A JUN26 | AB6: SOMAR 65,50 Frontline | AE6: SAMANTHA SARAIVA
A7: CECILIA MARIA GRANATO DE ANDRADE | B7: 35079126 | C7: 007.326.738-44 | D7: 11 99183-8895 | E7: RUA FERNANDES MOREIRA, 582 APTO 142 | F7: CHACARA SANTO ANTONIO | G7: São Paulo | H7: 04716-001 | I7: ceciliagranato@gmail.com | J7: HOMER | K7: 1 | L7: 42393 | M7: =DAY(L7) -> 24 | N7: =MONTH(L7) -> 1 | O7: =YEAR(L7) -> 2016 | P7: 530.00002 | Q7: 560.00002 | R7: 620.0001 | S7: =R7*1.09677 -> 679.99751 | T7: =ROUNDUP(S7*1.05,2) -> 714 | U7: =ROUNDUP(T7*1.05,2) -> 749.7 | V7: =U7*1.075 -> 805.9275 | W7: =6*V7 -> 4835.565 | Y7: EMITIDO BOLETOS DE JAN A JUN26 | AE7: CECILIA MARIA GRANATO DE ANDRADE
A8: GILBERTO ARMENTANO CLARK REIS | B8: 777892 | C8: 083.748.368-90 | D8: 11 31293591 | E8: RUA AUGUSTA 1460 APTO 32 | F8: CONSOLAÇÃO | G8: SÃO PAULO | H8: 01304-001 | I8: garmentano@uol.com.br | J8: LOLLA | K8: 1 | L8: 42656 | M8: =DAY(L8) -> 13 | N8: =MONTH(L8) -> 10 | O8: =YEAR(L8) -> 2016 | P8: 530.00002 | Q8: 560.00002 | R8: 620.0001 | S8: =R8*1.09677 -> 679.99751 | T8: =ROUNDUP(S8*1.05,2) -> 714 | U8: =ROUNDUP(T8*1.05,2) -> 749.7 | V8: =U8*1.075 -> 805.9275 | W8: =6*V8 -> 4835.565 | Y8: EMITIDO BOLETOS JAN A JUN26 | AE8: GILBERTO ARMENTANO CLARK REIS
A9: VITOR BARBANTI PAZIN | B9: 46.517.691-4 | C9: 400.762.228-02 | D9: 11 2682 9229 | E9: RUA GUARAS 17 | F9: VILA ARAGUAIA | G9: SÃO PAULO | H9: 03735-120 | I9: vitor.pazin@gmail.com | J9: BOLT | K9: 1 | L9: 42867 | M9: =DAY(L9) -> 12 | N9: =MONTH(L9) -> 5 | O9: =YEAR(L9) -> 2017 | P9: 530.00002 | Q9: 560.00002 | R9: 620.0001 | S9: =R9*1.09677 -> 679.99751 | T9: =ROUNDUP(S9*1.05,2) -> 714 | U9: =ROUNDUP(T9*1.05,2) -> 749.7 | V9: =U9*1.075 -> 805.9275 | W9: =6*V9 -> 4835.565 | Y9: EMITIDO BOLETOS JAN A JUN26 | AE9: VITOR BARBANTI PAZIN
A10: ANA CLAUDIA CUNHA TRAVASSOS | B10: 141308254 | C10: 245768928-78 | D10: 11-982446128 | E10: AV. GUILHERME DUMONT VILLARES, 2001 APTO 13 | F10: JD LONDRINA | G10: SÃO PAULO | H10: 05640-003 | I10: acctravassos@gmail.com | J10: MEL | K10: 1 | L10: 42972 | M10: =DAY(L10) -> 25 | N10: =MONTH(L10) -> 8 | O10: =YEAR(L10) -> 2017 | P10: 530.00002 | Q10: 560.00002 | R10: 620.0001 | S10: =R10*1.09677 -> 679.99751 | T10: =ROUNDUP(S10*1.05,2) -> 714 | U10: =ROUNDUP(T10*1.05,2) -> 749.7 | V10: =U10*1.075 -> 805.9275 | W10: =6*V10 -> 4835.565 | Y10: EMITIDO BOLETOS DE JAN A JUN26 | AE10: ANA CLAUDIA CUNHA TRAVASSOS
A11: MONICA DOS SANTOS COUTINHO | B11: 18870928-9 | C11: 091.175.968-90 | D11: 11 9 856-8838 | E11: RUA PROFESSOR JOAO ARRUDA 134 APTO 54 | F11: PERDIZES | G11: SÃO PAULO | H11: 05012-000 | I11: monicascoutinho@live.com | J11: FAÍSCA | K11: 1 | L11: 43113 | M11: =DAY(L11) -> 13 | N11: =MONTH(L11) -> 1 | O11: =YEAR(L11) -> 2018 | P11: 530.00002 | Q11: 560.00002 | R11: 620.0001 | S11: =R11*1.09677 -> 679.99751 | T11: =ROUNDUP(S11*1.05,2) -> 714 | U11: =ROUNDUP(T11*1.05,2) -> 749.7 | V11: =U11*1.075 -> 805.9275 | W11: =6*V11 -> 4835.565 | Y11: EMITIDO BOLETOS JAN A JUN26 | Z11: 1937.9928 | AA11: =Z11/3 -> 645.99759 | AB11: =AA11/30 -> 21.533253 | AC11: =AB11*4 -> 86.133011 | AE11: MONICA DOS SANTOS COUTINHO
A12: ANTONIO CARLOS SOBRINHO | B12: 205114313 | C12: 146395318-69 | D12: 1198457-4196 | E12: SILVEIRA RODRIGUES, 23 APTO 32 B | F12: SILICIANO | G12: SÃO PAULO | H12: 05048-070 | I12: acsobrinho@gmail.com | J12: NINO | K12: 1 | L12: 43344 | M12: =DAY(L12) -> 1 | N12: =MONTH(L12) -> 9 | O12: =YEAR(L12) -> 2018 | P12: 530 | Q12: 560 | R12: 620.00008 | S12: =R12*(1+9.677%) -> 679.99749 | T12: =ROUNDUP(S12*1.05,2) -> 714 | U12: =ROUNDUP(T12*1.05,2) -> 749.7 | V12: =U12*1.075 -> 805.9275 | W12: =6*V12 -> 4835.565 | Y12: EMITIDO BOLETOS JAN A DEZ26 | AA12: =Z11-AA11 -> 1291.9952 | AC12: =AA11-AC11 -> 559.86457 | AE12: ANTONIO CARLOS SOBRINHO
A13: ADRIANA RODRIGUES LOPEZ HERNANDEZ | B13: 23271188-4 | C13: 181.646.918-10 | D13: 112261-1855 | E13: RUA SANTO ADALBERTO 207 | F13: JARDIM FRANCA | G13: SÃO PAULO | H13: 02338-000 | I13: adrianarlh@bol.com.br | J13: SNOOPY | K13: 1 | L13: 43800 | M13: =DAY(L13) -> 1 | N13: =MONTH(L13) -> 12 | O13: =YEAR(L13) -> 2019 | P13: 450 | Q13: 475.4717 | R13: 526.41516 | S13: =R13*(1+9.677%) -> 577.35636 | T13: =ROUNDUP(S13*1.05,2) -> 606.23 | U13: =ROUNDUP(T13*1.05,2) -> 636.55 | V13: =U13*1.075 -> 684.29125 | W13: =6*V13 -> 4105.7475 | Y13: EMITIDO BOLETOS JAN A DEZ26 | AE13: ADRIANA RODRIGUES LOPEZ HERNANDEZ
A14: ANTONIO CARLOS DE OLIVEIRA CARNEIRO | B14: 181222590 | C14: 15196219811 | D14: 11 976143422 | E14: AV ESCOLA POLITENICA APTO 224 C1 | F14: PARQUE DOS PRINCIPES | G14: SÃO PAULO | H14: 5350000 | I14: a_carneiro@ig.com.br | J14: FRED | K14: 1 | L14: 43955 | M14: =DAY(L14) -> 4 | N14: =MONTH(L14) -> 5 | O14: =YEAR(L14) -> 2020 | P14: 960 | Q14: 1014.3396 | R14: 1123.019 | S14: =R14*(1+9.677%) -> 1231.6936 | T14: =ROUNDUP(S14*1.05,2) -> 1293.28 | U14: =ROUNDUP(T14*1.05,2)/2 -> 678.975 | V14: =U14*1.075 -> 729.89813 | W14: =6*V14 -> 4379.3888 | Y14: EMITIDO BOLETOS JAN A DEZ26 | AE14: ANTONIO CARLOS DE OLIVEIRA CARNEIRO
A15: MARCIA DE PINHO VIEIRA | B15: 172619014 | C15: 102004198-62 | D15: 11 9 9918-8301 | E15: AV. WASHINGTON LUÍS 1576 APTO 264 A | F15: SANTO AMARO | G15: SÃO PAULO | H15: 04662-902 | I15: marciapvieira@hotmail.com | J15: LOBINHO | K15: 1 | L15: 44128 | M15: =DAY(L15) -> 24 | N15: =MONTH(L15) -> 10 | O15: =YEAR(L15) -> 2020 | P15: 1160 | Q15: 1160 | R15: 1124.2859 | S15: =R15*1.09677 -> 1233.083 | T15: =ROUNDUP(S15*1.05,2) -> 1294.74 | U15: =ROUNDUP(T15*1.05,2)/2 -> 679.74 | V15: =U15*1.075 -> 730.7205 | W15: =6*V15 -> 4384.323 | Y15: EMITIDO BOLETOS DE JAN A JUN26 | Z15: INCLUSO COLEIRA E VERMIFUGO | AE15: MARCIA DE PINHO VIEIRA
A16: CRISTINA TAVARES DA SILVA | B16: W643182-1 | C16: 852.078.618-91 | D16: 11 9 8168-1717 | E16: RUA MARCOS LOPES 272 APTO 41 E | F16: VILA NOVA CONCEIÇÃO | G16: SÃO PAULO | H16: 04513-080 | I16: cristina.tavares7@gmail.com | J16: IGOR | K16: 1 | L16: 44204 | M16: =DAY(L16) -> 8 | N16: =MONTH(L16) -> 1 | O16: =YEAR(L16) -> 2021 | Q16: 960 | R16: 1062.8573 | S16: 582.85 | T16: =ROUNDUP(S16*1.05,2) -> 612 | U16: =ROUNDUP(T16*1.05,2) -> 642.6 | V16: =U16*1.075 -> 690.795 | W16: =6*V16 -> 4144.77 | Y16: EMITIDO BOLETOS JAN A DEZ26 | AE16: CRISTINA TAVARES DA SILVA
A17: WILSON MELGES ANTUNES | B17: 44643971 | C17: 371.085.488-10 | D17: 19 9 9372-6303 | E17: RUA JOAQUIM DE SEABRA 234 PARQUE RESIDENCIAL NOVA CANAÃ | F17: MOGI GUAÇU | G17: SÃO PAULO | H17: 13848-622 | I17: wilson.m.antunes@hotmail.com | J17: ZOE | K17: 1 | L17: 44206 | M17: =DAY(L17) -> 10 | N17: =MONTH(L17) -> 1 | O17: =YEAR(L17) -> 2021 | Q17: 480 | R17: 531.42864 | S17: =R17*(1+9.677%) -> 582.85499 | T17: =ROUNDUP(S17*1.05,2) -> 612 | U17: =ROUNDUP(T17*1.05,2) -> 642.6 | V17: =U17*1.075 -> 690.795 | W17: =6*V17 -> 4144.77 | Y17: EMITIDO BOLETOS JAN A DEZ26 | AE17: WILSON MELGES ANTUNES
A18: RICARDO TARGINO NETO | B18: 46697224 | C18: 379.547.618-60 | D18: 11 9 8909-6203 | E18: RUA ANTONIETA LEITÃO 161 AP 112 | F18: FREGUESIA DO Ó | G18: SÃO PAULO | H18: 02925-160 | I18: ricardo@adolfoneto.com.br | J18: PAMELA, ROSSI | K18: 2 | L18: 44345 | M18: =DAY(L18) -> 29 | N18: =MONTH(L18) -> 5 | O18: =YEAR(L18) -> 2021 | Q18: 1900 | R18: 2103.5717 | S18: =R18*1.09677 -> 2307.1343 | T18: 1816.875 | U18: =ROUNDUP(T18*1.05,2) -> 1907.72 | V18: 1367.1993 | W18: =6*V18 -> 8203.196 | Y18: EMITIDO BOLETOS DE JAN A JUN26 | Z18: SEM O FORNECIMENTO DE PRODUTOS | AE18: SUELEN CINTIA TARGINO NETO
A19: DANIELA LUCAS PEDRO | B19: 47.599.094-8 | C19: 403647498-73 | D19: 11 56773454 | E19: RUA BELMIRO ZANETTI ESTEVES, 223 CASA 2 | F19: VILA MIRA | G19: SÃO PAULO | H19: 04377-060 | I19: danishadowcat@yahoo.com.br | J19: VALENTINA | K19: 1 | L19: 44359 | M19: =DAY(L19) -> 12 | N19: =MONTH(L19) -> 6 | O19: =YEAR(L19) -> 2021 | Q19: 450 | R19: 500 | S19: =R19*1.0968 -> 548.39999 | T19: =ROUNDUP(S19*1.05,2) -> 575.82 | U19: =ROUNDUP(T19*1.05,2) -> 604.62 | V19: =U19*1.075 -> 649.9665 | W19: =6*V19 -> 3899.799 | Y19: EMITIDO BOLETOS JAN A JUN26 | Z19: SEM O FORNECIMENTO DE PRODUTOS | AE19: DANIELA LUCAS PEDRO
A20: ARIANE BONAFEDE | B20: 332.232.73 | C20: 343.730.938-22 | D20: 11 97554-8446 | E20: RUA REGO BARROS 1155 BLC A APTO 115 | F20: JARDIM VILA FORMOSA | G20: São Paulo | H20: 03460-000 | I20: ariane.bonafede@yahoo.com.br | J20: SHEIKE | K20: 1 | L20: 44438 | M20: =DAY(L20) -> 30 | N20: =MONTH(L20) -> 8 | O20: =YEAR(L20) -> 2021 | Q20: 560 | R20: 620.00008 | S20: =R20*1.09677 -> 679.99749 | T20: =ROUNDUP(S20*1.05,2) -> 714 | U20: =ROUNDUP(T20*1.05,2) -> 749.7 | V20: =U20*1.075 -> 805.9275 | W20: =6*V20 -> 4835.565 | Y20: EMITIDO BOLETOS DE JAN A JUN26 | AE20: ARIANE BONAFEDE
A21: ROSENI ANDREU DE OLIVEIRA | B21: 285963818 | C21: 192.535.158-05 | D21: 11 9 5305-0888 | E21: RUA ANHAIA, 439 | F21: VILA CURUCA | G21: SANTO ANDRÉ | H21: 09280-490 | I21: ga.abi@hotmail.com | J21: KILLER, SAMANTA E ZOE | K21: 3 | L21: 44478 | M21: =DAY(L21) -> 9 | N21: =MONTH(L21) -> 10 | O21: =YEAR(L21) -> 2021 | Q21: 1680 | R21: 1860 | S21: =R21*(1+9.677%) -> 2039.9922 | T21: =ROUNDUP(S21*1.05,2) -> 2142 | U21: =ROUNDUP(T21*1.05,2) -> 2249.1 | V21: =U21*1.075 -> 2417.7825 | W21: =6*V21 -> 14506.695 | Y21: EMITIDO BOLETOS JAN A DEZ26 | AE21: ROSENI ANDREU DE OLIVEIRA
A22: HANNA AMBACK ZAMARIAN | B22: 338482428 | C22: 407.731.478-02 | D22: 11 95071-1178 | E22: RUA FIAÇÃO DA SAÚDE 260 APTO 138 BLC C3 | F22: MIRANDÓPOLIS | G22: SÃO PAULO | H22: 04144-900 | I22: hannamfigueiredo@gmail.com | J22: VITOR | K22: 1 | L22: 44538 | M22: =DAY(L22) -> 8 | N22: =MONTH(L22) -> 12 | O22: =YEAR(L22) -> 2021 | Q22: 560 | R22: 620 | S22: =R22*(1+9.677%) -> 679.9974 | T22: =ROUNDUP(S22*1.05,2) -> 714 | U22: =ROUNDUP(T22*1.05,2) -> 749.7 | V22: =U22*1.075 -> 805.9275 | W22: =6*V22 -> 4835.565 | Y22: EMITIDO BOLETOS JAN A DEZ26 | AE22: HANNA AMBACK ZAMARIAN
A23: MARIA GORETTI BEKER FERREIRA | B23: 69832250 | C23: 186.271.658-74 | D23: 11 93272-3227 | E23: ALAMEDA DAS SERINGUEIRAS 229 (MORADA DOS PINHEIROS) | F23: ALDEIA DA SERRA | G23: SANTANA DE PARNAIBA | H23: 06519-325 | I23: bekergoretti@gmail.com | J23: LORD E LOBO | K23: 2 | L23: 44645 | M23: =DAY(L23) -> 25 | N23: =MONTH(L23) -> 3 | O23: =YEAR(L23) -> 2022 | R23: 1240 | S23: =R23*1.09677 -> 1359.9948 | T23: =ROUNDUP(S23*1.05,2) -> 1428 | U23: =ROUNDUP(T23*1.05,2) -> 1499.4 | V23: =U23*1.075 -> 1611.855 | W23: =6*V23 -> 9671.13 | Y23: EMITIDO BOLETOS DE JAN A JUN26 | AE23: MARIA GORETTI BEKER FERREIRA
A24: EDUARDO COSTA GARCIA PEREZ | C24: 395.310.868-93 | D24: 35 3899401153 | E24: AVENIDA ROUXINOL 418 APTO 41 | F24: INDIANOPOLIS | G24: SÃO PAULO | H24: 04516-000 | I24: eduardocgperez@uol.com.br | J24: SNOW | K24: 1 | L24: 44791 | M24: =DAY(L24) -> 18 | N24: =MONTH(L24) -> 8 | O24: =YEAR(L24) -> 2022 | R24: 620 | S24: =R24*1.09677 -> 679.9974 | T24: =ROUNDUP(S24*1.05,2) -> 714 | U24: =ROUNDUP(T24*1.05,2) -> 749.7 | V24: =U24*1.075 -> 805.9275 | W24: =6*V24 -> 4835.565 | Y24: EMITIDO BOLETOS JAN A JUN26 | AE24: EDUARDO COSTA GARCIA PEREZ
A25: MARCIA DE PINHO VIEIRA | B25: 172619014 | C25: 102.004.198-62 | D25: 11 9 9918-8301 | E25: AV. WASHINGTON LUÍS 1576 APTO 264 A | F25: SANTO AMARO | G25: SÃO PAULO | H25: 04662-902 | I25: marciapvieira@hotmail.com | J25: RALF | K25: 1 | L25: 44914 | M25: =DAY(L25) -> 19 | N25: =MONTH(L25) -> 12 | O25: =YEAR(L25) -> 2022 | R25: 1200 | S25: 1200 | T25: 630 | U25: =ROUNDUP(T25*1.05,2) -> 661.5 | V25: =U25*1.075 -> 711.1125 | W25: =6*V25 -> 4266.675 | Y25: EMITIDO BOLETOS JAN A JUN26 | AE25: MARCIA DE PINHO VIEIRA
A26: DIEGO CARNEIRO BARRETO | B26: 56614758 | C26: 057.140.166-02 | D26: 11 9 9294-4877 | E26: RUA DONA ANA HELENA DE SALLES GUSMÃO 206 | F26: JARDIM PAULISTANO | G26: SÃO PAULO | H26: 01457-040 | I26: diego.carneiro.barreto@gmail.com | J26: PIPOCA | K26: 1 | L26: 45004 | M26: =DAY(L26) -> 19 | N26: =MONTH(L26) -> 3 | O26: =YEAR(L26) -> 2023 | R26: 680 | S26: 680 | T26: =ROUNDUP(S26*1.05,2) -> 714 | U26: =ROUNDUP(T26*1.05,2) -> 749.7 | V26: =U26*1.075 -> 805.9275 | W26: =6*V26 -> 4835.565 | Y26: EMITIDO BOLETOS JAN A JUN26 | AE26: DIEGO CARNEIRO BARRETO
A27: LUIZ CARLOS GONÇALVES | B27: 6170605 - X | C27: 839.322.248-68 | D27: 11 9 8198 -0517 | E27: RUA ZACARIAS DE GOES 2006 | F27: CAMPO BELO | G27: SÃO PAULO | H27: 04610-005 | I27: luizgoncalves@joyeventos.com.br | J27: FIDEL | K27: 1 | L27: 45327 | M27: =DAY(L27) -> 5 | N27: =MONTH(L27) -> 2 | O27: =YEAR(L27) -> 2024 | T27: 680 | U27: =ROUNDUP(T27*1.05,2) -> 714 | V27: =U27*1.075 -> 767.55 | W27: =6*V27 -> 4605.3 | Y27: EMITIDO BOLETOS JAN A DEZ26 | AE27: LUIZ CARLOS GONÇALVES
A28: MARGARETH NODA | B28: 19994767 | C28: 117.705.128-10 | D28: 11 9 9825-5983 | E28: AVENIDA DOUTOR LUIZ ANTONIO PEDUTI CUNHA 180 CASA | F28: PARQUE DOS PRINCIPES | G28: SÃO PAULO | H28: 05396-270 | I28: margareth@cvm.gov.br | J28: SCHUMANN | K28: 1 | L28: 45367 | M28: =DAY(L28) -> 16 | N28: =MONTH(L28) -> 3 | O28: =YEAR(L28) -> 2024 | S28: 680 | T28: 680 | U28: =ROUNDUP(T28*1.05,2) -> 714 | V28: =U28*1.075 -> 767.55 | W28: =6*V28 -> 4605.3 | Y28: EMITIDO BOLETOS JAN A JUN26 | AE28: MARGARETH NODA
A29: MARIA ADALGISA RODRIGUES ARAUJO | B29: 16270809-9 | C29: 78327024787 | D29: 11 9 9623-9814 | E29: RUA DOUTOR ALFREDO DI VERNIE 104 | F29: BUTANTÃ | G29: SÃO PAULO | H29: 05540-020 | I29: gisaphilip@gmail.com | J29: PIPOCA | K29: 1 | L29: 45381 | M29: =DAY(L29) -> 30 | N29: =MONTH(L29) -> 3 | O29: =YEAR(L29) -> 2024 | S29: 680 | T29: 680 | U29: =ROUNDUP(T29*1.05,2) -> 714 | V29: =U29*1.075 -> 767.55 | W29: =6*V29 -> 4605.3 | Y29: EMITIDO BOLETOS DE JAN A JUN26 | AE29: MARIA ADALGISA RODRIGUES ARAUJO
A30: DESIREE MICHELLE CASTILHO NAPOLI | B30: 308477236 | C30: 31978563841 | D30: 11 99326-1999 | E30: RUA VINTE E OITO DE SETEMBRO 900 | F30: VILA DOM PEDRO I | G30: SÃO PAULO | H30: 04267-000 | I30: desiree.napoli@yahoo.com.br | J30: YUPIE | K30: 1 | L30: 45434 | M30: =DAY(L30) -> 22 | N30: =MONTH(L30) -> 5 | O30: =YEAR(L30) -> 2024 | S30: 680 | T30: 680 | U30: =ROUNDUP(T30*1.05,2) -> 714 | V30: =U30*1.075 -> 767.55 | W30: =6*V30 -> 4605.3 | Y30: EMITIDO BOLETOS DE JAN A JUN26 | AE30: DESIREE MICHELLE CASTILHO NAPOLI
A31: ANDRE ANDRADE | B31: 34539099 | C31: 328.166.618-30 | D31: 11 9 7120-6035 | E31: RUA CARVALHO DE FREITAS PROVENCE MORUMBI, 420 APTO 74 | F31: VILA ANDRADE | G31: SÃO PAULO | H31: 05728-030 | I31: andreandrade04@gmail.com | J31: CANÚ E LÉO | K31: 2 | L31: 45459 | M31: =DAY(L31) -> 16 | N31: =MONTH(L31) -> 6 | O31: =YEAR(L31) -> 2024 | S31: 1250 | T31: 1250 | U31: =ROUNDUP(T31*1.05,2) -> 1312.5 | V31: =U31*1.075 -> 1410.9375 | W31: =6*V31 -> 8465.625 | Y31: EMITIDO BOLETOS JAN A JUN26 | AE31: ANDRE ANDRADE
A32: NEY FERREIRA DE SOUZA GUERRA | B32: 306529014 | C32: 295675548-03 | D32: 11 9 9384-5291 | E32: RUA ALVES GUIMARÃES 911 APTO 82 | F32: PINHEIROS | G32: SÃO PAULO | H32: 05410-001 | I32: nguerra229@gmail.com | J32: BOAZ E LIA | K32: 2 | L32: 45533 | M32: =DAY(L32) -> 29 | N32: =MONTH(L32) -> 8 | O32: =YEAR(L32) -> 2024 | P32: 1740 | Q32: 1740 | R32: 1926.4288 | S32: 1408.57 | T32: =ROUNDUP(S32*1.05,2) -> 1479 | U32: =ROUNDUP(T32*1.05,2) -> 1552.95 | V32: =U32*1.075 -> 1669.4212 | W32: =6*V32 -> 10016.528 | Y32: EMITIDO BOLETOS DE JAN A JUN26 | Z32: ='Ex residentes'!Y329+714 -> 46823 | AE32: NEY FERREIRA DE SOUZA GUERRA
A33: MARINA HARUKO MORI BIONDO | B33: 261831173 | C33: 310211708-28 | D33: 1199801-9800 | E33: AVENIDA SENADOR CASEMIRO DA ROCHA 809 APTO 162 | F33: MIRANDOPOLIS | G33: SÃO PAULO | H33: 40470-02 | I33: marinahmori@gmail.com | J33: VITO | K33: 1 | L33: 45582 | M33: =DAY(L33) -> 17 | N33: =MONTH(L33) -> 10 | O33: =YEAR(L33) -> 2024 | T33: 680 | U33: =ROUNDUP(T33*1.05,2) -> 714 | V33: =U33*1.075 -> 767.55 | W33: =6*V33 -> 4605.3 | Y33: EMITIDO BOLETOS JAN A JUN26
A34: CARLA VIANA CHARVES DA SILVA | B34: 43421281 | C34: 33940435805 | D34: 11 91714-3677 | E34: RUA MASATO SAKAI 180 BURITIS 7 APTO 44 | F34: JARDIM SÃO MIGUEL | G34: FERRAZ DE VASCONCELOS | H34: 08538-300 | I34: carlaviana304@gmail.com | J34: PUPY | K34: 1 | L34: 45643 | M34: =DAY(L34) -> 17 | N34: =MONTH(L34) -> 12 | O34: =YEAR(L34) -> 2024 | T34: 680 | U34: =ROUNDUP(T34*1.05,2) -> 714 | V34: =U34*1.075 -> 767.55 | W34: =6*V34 -> 4605.3 | Y34: EMITIDO BOLETOS JAN A JUN26
A35: RITA MARIELLA MALTESE DIAZ DE BRAVO | B35: RNMF5682262 | C35: 717.567.491-08 | D35: 51967790103 | E35: RUA BARÃO DE RAMALHO 413 | F35: UVARANAS | G35: PONTA GROSSA | H35: 84030-100 | I35: rmmaltese@gmail.com | J35: NEGÃO | K35: 1 | L35: 45647 | M35: =DAY(L35) -> 21 | N35: =MONTH(L35) -> 12 | O35: =YEAR(L35) -> 2024 | P35: =DAY(O35) -> 16 | Q35: =MONTH(O35) -> 7 | R35: =YEAR(O35) -> 1905 | S35: =DAY(R35) -> 19 | T35: 680 | U35: =ROUNDUP(T35*1.05,2) -> 714 | V35: =U35*1.075 -> 767.55 | W35: =6*V35 -> 4605.3 | Y35: EMITIDO BOLETOS DE JAN A JUN26
A36: ELIANA DE FREITAS PUGLESI LOMES | B36: 44966523 | C36: 365.106.468-97 | D36: 11 9 8655-4554 | E36: RUA CORONEL JOSE DIONISIO GOUVEIA 29 | F36: VILA CLEMENTINO | G36: SÃO PAULO | H36: 04026-060 | I36: eliana.puglesi@gmail.com | J36: BRENDA | K36: 1 | L36: 45653 | M36: =DAY(L36) -> 27 | N36: =MONTH(L36) -> 12 | O36: =YEAR(L36) -> 2024 | T36: 680 | U36: =ROUNDUP(T36*1.05,2) -> 714 | V36: =U36*1.075 -> 767.55 | W36: =6*V36 -> 4605.3 | Y36: EMITIDO BOLETOS DE JAN A JUN26
A37: GABRIELA LONGHI GARGANTINI | B37: 554163767 | C37: 445.536.158-86 | D37: 11 9 47378507 | E37: RUA MARECHAL BADOGLIO, 256 | F37: VILA MUSSOLINI | G37: SÃO BERNARDO DO CAMPO | H37: 09620-020 | I37: gabi.gargantini@gmail.com | J37: BARNEY, NEGO E TAYLA | K37: 3 | L37: 45667 | M37: =DAY(L37) -> 10 | N37: =MONTH(L37) -> 1 | O37: =YEAR(L37) -> 2025 | U37: 2040 | V37: =U37*1.075 -> 2193 | W37: =6*V37 -> 13158 | Y37: EMITIDO BOLETOS JAN A DEZ26
A38: DENISE RIBOLI FAUSTINO | B38: 47618232-3 | C38: 354.035.708-45 | D38: 1146198490 | E38: PRAÇA OIAPOQUE 360 APTO 1603 AN 16 | F38: ALPHAVILLE INDUSTRIAL | G38: BARUERI | H38: 06454-060 | I38: denise@tecnotrat.com.br | J38: LEIA E LUKE | K38: 2 | L38: 45701 | M38: =DAY(L38) -> 13 | N38: =MONTH(L38) -> 2 | O38: =YEAR(L38) -> 2025 | U38: 1428 | V38: =U38*1.075 -> 1535.1 | W38: =6*V38 -> 9210.6 | Y38: EMITIDO BOLETOS JAN A JUN26
A39: RENATA MARIA TEIXEIRA PINHEIRO | B39: 284291201 | C39: 311.747.488-93 | D39: 11 998005503 | E39: RUA ALVES GUIMARAES, 661 CS | F39: PINHEIROS | G39: SÃO PAULO | H39: 05410-001 | I39: renata.pinheiro@uol.com.br | J39: AYLA | K39: 1 | L39: 45727 | M39: =DAY(L39) -> 11 | N39: =MONTH(L39) -> 3 | O39: =YEAR(L39) -> 2025 | U39: 714 | V39: =U39*1.075 -> 767.55 | W39: =6*V39 -> 4605.3 | Y39: EMITIDO BOLETOS JAN A JUN26
A40: ROBERT DE MACEDO SOARES RITTSCHER | B40: 9785232 | C40: 080.574.348-05 | D40: 11 9 9135-0202 | E40: RUA JOAO MOURA 502 APTO 153 | F40: PINHEIROS | G40: SÃO PAULO | H40: 05412-001 | I40: robertrittscher@gmail.com | J40: ZECA | K40: 1 | L40: 45788 | M40: =DAY(L40) -> 11 | N40: =MONTH(L40) -> 5 | O40: =YEAR(L40) -> 2025 | T40: 714 | U40: 714 | V40: =U40*1.075 -> 767.55 | W40: =6*V40 -> 4605.3 | Y40: EMITIDO BOLETOS JAN A JUN26
A41: LUCAS MARTINS FARES | B41: 376493264 | C41: 470.384.858-90 | D41: 11 9 9925-2562 | E41: RUA ANTONIO DAS CHAGAS 162 | F41: CHACARA SANTO ANTONIO | G41: SÃO PAULO | H41: 04714-001 | I41: itslucasmf@gmail.com | J41: MUFFIN | K41: 1 | L41: 45806 | M41: =DAY(L41) -> 29 | N41: =MONTH(L41) -> 5 | O41: =YEAR(L41) -> 2025 | T41: 700 | U41: 700 | V41: =U41*1.075 -> 752.5 | W41: =6*V41 -> 4515 | Y41: EMITIDO BOLETOS DE JAN A JUN26
A42: MAGALI DO ROCIO MOLTALTO | B42: 12679297 | C42: 354.971309-68 | D42: 11 9 4702-0077 | E42: RUA BARONESA DE ITU 88 APTO 211 | F42: SANTA CECILIA | G42: SÃO PAULO | H42: 80250-020 | I42: magalimontalto@gmail.com | J42: LOLA | K42: 1 | L42: 45815 | M42: =DAY(L42) -> 7 | N42: =MONTH(L42) -> 6 | O42: =YEAR(L42) -> 2025 | T42: 700 | U42: 700 | V42: =U42*1.075 -> 752.5 | W42: =6*V42 -> 4515 | Y42: EMITIDO BOLETOS JAN A DEZ26
A43: MAGALI DO ROCIO MOLTALTO | B43: 12679297 | C43: 354.971309-68 | D43: 11 9 4702-0077 | E43: RUA BARONESA DE ITU 88 APTO 211 | F43: SANTA CECILIA | G43: SÃO PAULO | H43: 80250-020 | I43: magalimontalto@gmail.com | J43: MALO | K43: 1 | L43: 45857 | M43: =DAY(L43) -> 19 | N43: =MONTH(L43) -> 7 | O43: =YEAR(L43) -> 2025 | T43: 700 | U43: 700 | V43: =U43*1.075 -> 752.5 | W43: =6*V43 -> 4515 | Y43: EMITIDO BOLETOS JAN A JUN26
A44: ROBERTO THIELE | B44: 32251583 | C44: 21497674816 | D44: 11 96453-7626 | E44: RUA DR. RENATO PAES DE BARROS 329 APTO 41 | F44: ITAIM BIBI | G44: SÃO PAULO | H44: 4538083 | I44: bob.thiele@gmail.com | J44: WILLY | K44: 1 | L44: 45918 | M44: 18 | N44: 9 | O44: 2025 | T44: 714 | U44: 714 | V44: =U44*1.075 -> 767.55 | W44: =6*V44 -> 4605.3 | Y44: EMITIDO BOLETOS JAN A JUN26
A45: TULIO D AMBROSIO | B45: 36959831 | C45: 411117448-58 | D45: 11 9 7353-4100 | E45: RUA IVAI 111 BLC 1 UNIDADE 15 | F45: TATUAPE | G45: SÃO PAULO | H45: 03080-010 | I45: tuliodambrosio@hotmail.com | J45: LILICA | K45: 1 | L45: 45919 | M45: =DAY(L45) -> 19 | N45: =MONTH(L45) -> 9 | O45: =YEAR(L45) -> 2025 | T45: 680 | U45: 700 | V45: =U45*1.075 -> 752.5 | W45: =6*V45 -> 4515 | Y45: EMITIDO BOLETOS JAN A JUN26 | AA45: 18 | AB45: 8 | AC45: 2025
A46: MARILIA ARRUDA DE OLIVEIRA MULLER | B46: 13130017 | C46: 103.791.258-62 | D46: 11 9 9628-1800 | E46: RUA VANDERLEI 1482 APTO 124 | F46: PERDIZES | G46: SÃO PAULO | H46: 05011-001 | I46: mariliaaom@gmail.com | J46: KURO | K46: 1 | L46: 45934 | M46: =DAY(L46) -> 4 | N46: =MONTH(L46) -> 10 | O46: =YEAR(L46) -> 2025 | T46: 700 | U46: 700 | V46: =U46*1.075 -> 752.5 | W46: =6*V46 -> 4515 | Y46: EMITIDO BOLETOS JAN A DEZ26
A47: CASSIA ALINE VICENTE BRANCO | B47: 347917604 | C47: 395.419.628-07 | D47: 11 9 4836-6504 | E47: RUA GASPAR LOURENÇO 65 APTO 102 | F47: VILA MARIANA | G47: SÃO PAULO | H47: 04107-000 | I47: dracassyaline@gmail.com | J47: DUKE | K47: 1 | L47: 45978 | M47: 17 | N47: 11 | O47: 2025 | T47: 714 | U47: 714 | V47: 752.5 | W47: =6*V47 -> 4515 | Y47: EMITIDO BOLETOS JAN A JUN26
A48: CELSO ANTONIO GIGLIO JUNIOR | B48: 266088004 | C48: 215.638.628-59 | D48: 11 9 9930-5959 | E48: RUA GUADALAJARA 450 APTO 21 | F48: BALNEARIO CIDADE ATLANTICA | G48: GUARUJA | H48: 11.441-190 | I48: cgj.partners@cgjpholding.com | J48: MEL E MEG | K48: 2 | L48: 46001 | M48: =DAY(L48) -> 10 | N48: =MONTH(L48) -> 12 | O48: =YEAR(L48) -> 2025 | T48: 1428 | U48: 1428 | V48: =U48*1.075 -> 1535.1 | W48: =6*V48 -> 9210.6 | Y48: EMITIDO BOLETOS JAN A JUN26
A49: ELIZABETH YURIKO SINTO | B49: 18859730 | C49: 165.115.138-58 | D49: 11 9 7081-7290 | E49: AVENIDA ROUXINOL 463 APTO 74 | F49: VILA OLIMPIA | G49: SÃO PAULO | H49: 04516-000 | I49: bethsinto@gmail.com | J49: TYSON | K49: 1 | L49: 46007 | M49: 16 | N49: 12 | O49: 2025 | U49: 714 | V49: =U49*1.075 -> 767.55 | W49: =2*U49+4*V49 -> 4498.2 | Y49: EMITIDO BOLETOS JAN A JUN26
A50: ARIANE DE CASSIA SIMÃO | B50: 472882727 | C50: 396.908.478.48 | D50: 11 9 8166-1296 | E50: RUA DR. HENRIQUE MEYER 68 APTO 3 | F50: VILA CACHOEIRA | G50: SÃO PAULO | H50: 02343-000 | I50: simao.ariane@gmail.com | J50: APOLLO | K50: 1 | L50: 46010 | M50: 19 | N50: 12 | O50: 2025 | U50: 714 | V50: =U50*1.075 -> 767.55 | W50: =2*U50+4*V50 -> 4498.2 | Y50: EMITIDO BOLETOS JAN A JUN26
A51: ADRIANO JOSE TURRI JUNIOR | B51: 21929817 | C51: 254.465818.-57 | D51: 11 9 8937-9861 | E51: RUA CRISTIANO ANGELI, 765 BLC B UNIDADE 000108 | F51: ASSUNÇÃO | G51: SÃO BERNARDO | H51: 09810-555 | I51: turriadriano@gmail.com | J51: COSTELINHA | K51: 1 | L51: 46025 | M51: 3 | N51: 1 | O51: 2026 | U51: 767.55 | V51: 767.55 | W51: =5*V51 -> 3837.75 | Y51: EMITIDO BOLETOS FEV A JUN26
A52: LUCIANA DOMINGUEZ | B52: 439409317 | C52: 285.013.018-41 | D52: 11 9 9760-6965 | E52: RUA CABO JOSE CLEMENEANO DE CARVALHO 40 APTO 12 | F52: JD AVELINO | G52: SÃO PAULO | H52: 3226000 | I52: lucianadominguez@terra.com.br | J52: DANNY | K52: 1 | L52: 46029 | M52: 7 | N52: 1 | O52: 2026 | U52: 767.55 | V52: 767.55 | W52: =5*V52 -> 3837.75 | Y52: EMITIDO BOLETOS FEV A JUN26
A53: DAVID MARTINS DE OLIVEIRA | B53: 289552655 | C53: 298.746.908-01 | D53: 11 98116-9323 | E53: RUA MARQUES MARICA 660 APTO 145 | F53: SACOMÃ | G53: SÃO PAULO | H53: 04252-000 | I53: david.535m@gmail.com | J53: PAÇOCA | K53: 1 | L53: 46074 | M53: =DAY(L53) -> 21 | N53: =MONTH(L53) -> 2 | O53: =YEAR(L53) -> 2026 | U53: 767.55 | V53: 767.55 | W53: =4*V53 -> 3070.2 | Y53: EMITIDO BOLETOS MAR A JUN26
A54: LUCIANA PENHA LOYOLA DA SILVA | B54: 261065348 | C54: 163.016.498-42 | D54: 11 9 7205-2623 | E54: RUA VILELA 875 APTO 32 | F54: TATUAPE | G54: SÃO PAULO | I54: luciana.loyola.2014@gmail.com | J54: CHICO | K54: 1 | L54: 46074 | M54: =DAY(L54) -> 21 | N54: =MONTH(L54) -> 2 | O54: =YEAR(L54) -> 2026 | U54: 767.55 | V54: 767.55 | W54: =4*V54 -> 3070.2 | Y54: EMITIDO BOLETOS MAR A JUN26
A55: ANDRE ALEXANDRE ARZE | B55: 45003824 | C55: 319.398.628-33 | D55: 11 9 8326-5077 | E55: RUA PEIXOTO GOMIDE, 596 APTO 164 BLC A | F55: JARDIM PAULISTA | G55: SÃO PAULO | H55: 01409-000 | I55: andre.arze22@gmail.com | J55: AGATHA E KRON | K55: 2 | L55: 46091 | M55: =DAY(L55) -> 10 | N55: =MONTH(L55) -> 3 | O55: =YEAR(L55) -> 2026 | V55: 1535.1 | W55: =3*V55 -> 4605.3 | Y55: EMITIDO BOLETOS ABR A JUN26
A56: FABIO BORDON DE CARVALHO | B56: 1742755 | C56: 067.757.656-06 | D56: 11 9 9618-1300 | E56: RUA BARÃO DO TRIUNFO 1415 AP31 | F56: BROOKLIN | G56: são paulo | H56: 04602-005 | I56: fabiofbc@gmail.com | J56: DJALMA E SOFIA | K56: 2 | L56: 46107 | M56: =DAY(L56) -> 26 | N56: =MONTH(L56) -> 3 | O56: =YEAR(L56) -> 2026 | V56: 1515 | W56: =3*V56 -> 4545 | Y56: EMITIDO BOLETOS ABR A JUN26

Sheet Ex residentes
A1: Nome | B1: RG | C1: CPF | D1: Telefone | E1: Endereço | F1: Bairro | G1: Cidade | H1: Cep | I1: Email | J1: Nome do cão | K1: QDE DE CÃES | L1: Data de pagamento | M1: Dia | N1: Mês | O1: Ano | P1: Valor | Q1: Valor1 | R1: Valor2 | S1: X | T1: DDA | U1: obs1 | V1: obs2 | W1: obs3 | X1: obs4 | Y1: DATA DE SAIDA | Z1: Dia Saida | AA1: Mês Saida | AB1: Ano Saída
A2: GABRIELLE HEIN COCA | B2: 44.199.121-X | C2: 337582838-17 | D2: 11 3063-4852 | E2: ESTRADA DOS INDIOS, 342 | F2: ARUJAZINHO 04 | G2: ARUJA | H2: 07400-000 | I2: gabrielle_hein@yahoo.com.br | J2: JACK | K2: 1 | L2: 40690 | M2: =DAY(L2) -> 27 | N2: =MONTH(L2) -> 5 | O2: =YEAR(L2) -> 2011 | P2: 425 | Q2: Emitido boleto Jul a dez_12 | R2: =P2*6 -> 2550 | Z2: =IF($Y2=0,"",DAY($Y2)) | AA2: =IF($Y2=0,"",MONTH($Y2)) | AB2: =IF($Y2=0,"",YEAR($Y2))
A3: ANA HELENA DE CAMPOS | B3: 16474292 | C3: 206085958-10 | D3: 11 2609-1545 | E3: RUA CORINTO n° 199 APTO 181 M | F3: VILA INDIANA | G3: SÃO PAULO | H3: 05586-060 | I3: decamposah@gmail.com | J3: TRUPPY | K3: 1 | L3: 41080 | M3: =DAY(L3) -> 20 | N3: =MONTH(L3) -> 6 | O3: =YEAR(L3) -> 2012 | P3: 450 | Q3: Emitido boleto Jul a dez_12 | R3: =P3*6 -> 2700 | Z3: =IF($Y3=0,"",DAY($Y3)) | AA3: =IF($Y3=0,"",MONTH($Y3)) | AB3: =IF($Y3=0,"",YEAR($Y3))
A4: ANA CRISTINA COLLOR | B4: 228021996 | C4: 142372768-13 | D4: 21 2146-4182 | E4: AVENIDA PREFEITO DUCIDIO CARDOSO N°1100 BLC. II - APTº 403 | F4: BARRA DA TIJUCA | G4: Rio de Janeiro | H4: 22620-311 | I4: anapetrone@uol.com.br | J4: HANNA | K4: 1 | L4: 41004 | M4: =DAY(L4) -> 5 | N4: =MONTH(L4) -> 4 | O4: =YEAR(L4) -> 2012 | P4: 695 | R4: =P4*6 -> 4170 | Z4: =IF($Y4=0,"",DAY($Y4)) | AA4: =IF($Y4=0,"",MONTH($Y4)) | AB4: =IF($Y4=0,"",YEAR($Y4))
A5: CRISTINA FERNANDEZ VARELA | B5: 20473710-2 | C5: 194.410.098-90 | D5: 11 99449-3739 | E5: RUA SANTO ANDRÉ N° 430 APTO 54 | F5: VILA ASSUNÇÃO | G5: Santo André | H5: 09020-230 | I5: cristina.varela@ge.com | J5: DEXTER | K5: 1 | L5: 41503 | M5: 17 | N5: 8 | O5: 2013 | P5: 425 | Q5: =ROUNDUP((P5*1.1294),2) -> 480 | R5: =Q5*6 -> 2880 | T5: DDA | U5: EMITIDO JUL A DEZ 14 | Z5: =IF($Y5=0,"",DAY($Y5)) | AA5: =IF($Y5=0,"",MONTH($Y5)) | AB5: =IF($Y5=0,"",YEAR($Y5))
A6: TOMI SAITO | B6: 355986255 | C6: 230974978-89 | D6: 11 4443-1900 | E6: RUA CAPIVARINHAS N° 54 | F6: ALTO DE PINHEIROS | G6: São Paulo | H6: 05458-010 | I6: tomiakio@gmail.com | J6: TOBI | K6: 1 | L6: 40488 | M6: =DAY(L6) -> 6 | N6: =MONTH(L6) -> 11 | O6: =YEAR(L6) -> 2010 | P6: 425 | Q6: =ROUNDUP((P6*1.1294),2) -> 480 | R6: 2101.5 | T6: DDA | U6: EMITIDO JUL A SET 14 | Z6: =IF($Y6=0,"",DAY($Y6)) | AA6: =IF($Y6=0,"",MONTH($Y6)) | AB6: =IF($Y6=0,"",YEAR($Y6))
A7: MARIA CRISTINA HOLTMANN | B7: 17141448 | C7: 305666628-76 | D7: 11 3288-1500 | E7: RUA DR° BRASILIO MACHADO, 218 - APTO 152 | F7: SANTA CECILIA | G7: São Paulo | H7: 01230-010 | I7: cris.pastore@yahoo.com.br | J7: TAIO | K7: 1 | L7: 40492 | M7: =DAY(L7) -> 10 | N7: =MONTH(L7) -> 11 | O7: =YEAR(L7) -> 2010 | P7: 425 | Q7: =ROUNDUP((P7*1.1294),2) -> 480 | R7: =Q7*6 -> 2880 | U7: EMITIDO JUL A DEZ 14 | Z7: =IF($Y7=0,"",DAY($Y7)) | AA7: =IF($Y7=0,"",MONTH($Y7)) | AB7: =IF($Y7=0,"",YEAR($Y7))
A8: EDUARDO ARANTES BARCELLOS | B8: 51547922 | C8: 94316066820 | D8: 11 3807-5611 | E8: AL TALIA, 37 CONDOMINIO JARDIM IOLANDA | F8: TABOÃO DA SERRA | G8: São Paulo | H8: 6794090 | I8: edubarcellos@uol.com.br | J8: LUNA | K8: 1 | L8: 41900 | M8: 18 | N8: 9 | O8: 2014 | P8: 480 | Q8: 654 | R8: =Q8*3 -> 1962 | U8: EMITIDO OUT A DEZ 14 | Z8: =IF($Y8=0,"",DAY($Y8)) | AA8: =IF($Y8=0,"",MONTH($Y8)) | AB8: =IF($Y8=0,"",YEAR($Y8))
A9: FERNANDA CAROLINA HILARIO DE CAMPOS | B9: 30769370-3 | C9: 329474088-37 | D9: 11 2364-9105 | E9: RUA PADRE JOAO GUALBERTO N°581 APTO 15 A | F9: IMIRIM | G9: São Paulo | H9: 02537-000 | I9: fernanda.carolina@hotmail.com | J9: PRETA | K9: 1 | L9: 40500 | M9: =DAY(L9) -> 18 | N9: =MONTH(L9) -> 11 | O9: =YEAR(L9) -> 2010 | P9: 390 | Q9: 480 | R9: =Q9*6 -> 2880 | U9: EMITIDO JUL A DEZ 14 | Z9: =IF($Y9=0,"",DAY($Y9)) | AA9: =IF($Y9=0,"",MONTH($Y9)) | AB9: =IF($Y9=0,"",YEAR($Y9))
A10: GLADSTONE DE JESUS CARDOSO | B10: M1477793 | C10: 371952556-20 | D10: 11 4362-5491 | E10: Av. Senador Vergueiro Nº 1320 APTO 02 | F10: JARDIM TRES MARIAS | G10: São Bernardo do Campo | H10: 09750-001 | I10: miguel.rc@bol.com.br | J10: JUNINHO | K10: 1 | L10: 40951 | M10: =DAY(L10) -> 12 | N10: =MONTH(L10) -> 2 | O10: =YEAR(L10) -> 2012 | P10: 480 | Q10: 542.12 | R10: =Q10*6 -> 3252.72 | U10: EMITIDO JUL A DEZ 14 | Z10: =IF($Y10=0,"",DAY($Y10)) | AA10: =IF($Y10=0,"",MONTH($Y10)) | AB10: =IF($Y10=0,"",YEAR($Y10))
A11: PAULO RENATO BATISTA ALEXANDRE | B11: 05516900-7 | C11: 83653740720 | D11: 52 777-1109129 | E11: AVENIDA . JANDIRA, 79 BLC A APTO 24 | F11: MOEMA | G11: São Paulo | H11: 04080-007 | I11: paulorenatoba@yahoo.com | J11: CONCA E BILLY | K11: 2 | L11: 41861 | M11: 10 | N11: 8 | O11: 2014 | P11: 912 | Q11: =P11 -> 912 | R11: =Q11*6 -> 5472 | Z11: =IF($Y11=0,"",DAY($Y11)) | AA11: =IF($Y11=0,"",MONTH($Y11)) | AB11: =IF($Y11=0,"",YEAR($Y11))
A12: JOÃO BATISTA SANTANA | B12: 4.136.945-22 | C12: 194222968-20 | D12: 11-5562-4254 | E12: RUA CONTOS GAUCHESCOS 251 | F12: VILA STA. CATARINA | G12: São Paulo | H12: 04369-000 | I12: jotabe.santana@uol.com.br | J12: BELLA | K12: 1 | L12: 41933 | M12: 21 | N12: 10 | O12: 2014 | P12: 480 | Q12: =P12 -> 480 | R12: =Q12*6 -> 2880 | Z12: =IF($Y12=0,"",DAY($Y12)) | AA12: =IF($Y12=0,"",MONTH($Y12)) | AB12: =IF($Y12=0,"",YEAR($Y12))
A13: LUCAS FERNANDES DIAS | B13: 13270736 | C13: 082.284.866-00 | D13: 11-98663-4661 | E13: RUA AUGUSTA 554 APTO 41 | F13: CONSOLAÇÃO | G13: São Paulo | H13: 1304000 | I13: dsinerlucas@hotmail.com | J13: JUANNA | K13: 1 | L13: 23/1014 | M13: 23 | N13: 10 | O13: 2014 | P13: 480 | Q13: =P13 -> 480 | R13: =Q13*6 -> 2880 | Z13: =IF($Y13=0,"",DAY($Y13)) | AA13: =IF($Y13=0,"",MONTH($Y13)) | AB13: =IF($Y13=0,"",YEAR($Y13))
A14: CRISTIANE DE SANTANA MONTEIRO | B14: 21976363 | C14: 129154208-66 | D14: 11-97330-6120 | E14: AV. MARQUES DE SAO VICENTE 2914 APTO 144 A | F14: BARRA FUNDA | G14: São Paulo | H14: 5036040 | I14: csmonteiro@ig.com.br | J14: NINA | K14: 1 | L14: 41884 | M14: 2 | N14: 9 | O14: 2014 | P14: 480 | Q14: =P14 -> 480 | R14: =Q14*6 -> 2880 | U14: EMITIDO JAN A JUN 2015 | Z14: =IF($Y14=0,"",DAY($Y14)) | AA14: =IF($Y14=0,"",MONTH($Y14)) | AB14: =IF($Y14=0,"",YEAR($Y14))
A15: FERNANDA LOPES VONKUTZLEBEN | B15: 44046182-0 | C15: 339251428-43 | D15: 11 8912-5128 | E15: RUA PROFESSOR ARTHUR RAMOS N°204 APTO 101 | F15: JARDIM PAULISTANO | G15: São Paulo | H15: 01454-010 | I15: FERNANDAVON@HOTMAIL.COM | J15: THAI | K15: 1 | L15: 40047 | M15: =DAY(L15) -> 22 | N15: =MONTH(L15) -> 8 | O15: =YEAR(L15) -> 2009 | P15: 590 | Q15: =ROUNDUP((P15*1.1294),2) -> 666.35 | R15: =Q15*6 -> 3998.1 | Z15: =IF($Y15=0,"",DAY($Y15)) | AA15: =IF($Y15=0,"",MONTH($Y15)) | AB15: =IF($Y15=0,"",YEAR($Y15))
A16: ALEXANDRINA TOMAZINI TEIXEIRA DOS SANTOS | B16: 5327039 | C16: 063.790.858-90 | D16: 11 3971-8617 | E16: Rua SANTO AMARO 766 APTO 154 A | F16: BELA VISTA | G16: São Paulo | H16: 01315-000 | I16: alexsp74@hotmail.com | J16: SOPHIA | K16: 1 | L16: 41836 | M16: 16 | N16: 7 | O16: 2014 | P16: 480 | Q16: =P16 -> 480 | R16: =Q16*6 -> 2880 | U16: EMITIDO JAN A JUN 15 | Z16: =IF($Y16=0,"",DAY($Y16)) | AA16: =IF($Y16=0,"",MONTH($Y16)) | AB16: =IF($Y16=0,"",YEAR($Y16))
A17: AMANDA KUHLMANN DE MELLO ANGERAMI | B17: 29.763.214-6 | C17: 351976598-58 | D17: 11 5083-1458 | E17: RUA JORGE TIBIRIÇA, 159 APTO 63 | F17: VILA MARIANA | G17: São Paulo | H17: 4126000 | I17: amandakangerami@gmail.com | J17: MEL E CHE GUEVARA | K17: 2 | L17: 41838 | M17: 18 | N17: 7 | O17: 2014 | P17: 912 | Q17: =P17 -> 912 | R17: =Q17*6 -> 5472 | Z17: =IF($Y17=0,"",DAY($Y17)) | AA17: =IF($Y17=0,"",MONTH($Y17)) | AB17: =IF($Y17=0,"",YEAR($Y17))
A18: MIREIA VILA GARCIA | B18: 34425320-X | C18: 220156098-65 | D18: 11 5055-3402 | E18: ALAMEDA DOS ARAPANES n° 1084 apto 182 | F18: MOEMA | G18: São Paulo | H18: 04524-001 | I18: mireia.vilagarcia@gmail.com | J18: AGATHA | K18: 1 | L18: 40815 | M18: =DAY(L18) -> 29 | N18: =MONTH(L18) -> 9 | O18: =YEAR(L18) -> 2011 | P18: 425 | Q18: 380 | R18: =Q18*6 -> 2280 | U18: EMITIDO JAN A JUN 2015 | Z18: =IF($Y18=0,"",DAY($Y18)) | AA18: =IF($Y18=0,"",MONTH($Y18)) | AB18: =IF($Y18=0,"",YEAR($Y18))
A19: RODRIGO SERVIO VERGARA | B19: 19404112-8 | C19: 138735788-32 | D19: 11-996395266 | E19: RUA SÃO BENTO, 2583 JARDIM PRIMAVERA | F19: JARDIM PRIMAVERA | G19: SÃO PAULO | I19: rodrigosvergara@gmail.com | J19: VOS E CHE | K19: 2 | L19: 42063 | M19: 28 | N19: 2 | O19: 2015 | P19: 3600 | Q19: 900 | R19: 900 | Z19: =IF($Y19=0,"",DAY($Y19)) | AA19: =IF($Y19=0,"",MONTH($Y19)) | AB19: =IF($Y19=0,"",YEAR($Y19))
A20: ANGELINA DE OLIVEIRA SOUZA | B20: 4370568972 | C20: 326214328-67 | D20: 11 3774-6239 | E20: RUA PEDRO DOLL N°269 APTO 32 | F20: SANTANA | G20: São Paulo | H20: 02404-000 | I20: geldeoliveira@hotmail.com | J20: FRED | K20: 1 | L20: 40995 | M20: =DAY(L20) -> 27 | N20: =MONTH(L20) -> 3 | O20: =YEAR(L20) -> 2012 | P20: 425 | Q20: =ROUNDUP((P20*1.1294),2) -> 480 | R20: =Q20*6 -> 2880 | Z20: =IF($Y20=0,"",DAY($Y20)) | AA20: =IF($Y20=0,"",MONTH($Y20)) | AB20: =IF($Y20=0,"",YEAR($Y20))
A21: MARINA SOARES PORFIRIO DE SOUZA | B21: 81151792 | C21: 996872168-91 | D21: 11 2619-1459 | E21: AVENIDA NOVA CANTAREIRA n° 1076 APTO 114 | F21: TUCURUVI | G21: São Paulo | H21: 02330-001 | I21: marinaspsouza@hotmail.com | J21: SPIKE | K21: 1 | L21: 40551 | M21: =DAY(L21) -> 8 | N21: =MONTH(L21) -> 1 | O21: =YEAR(L21) -> 2011 | P21: 415 | Q21: =ROUNDUP((P21*1.1294),2) -> 468.71 | R21: =Q21*6 -> 2812.26 | U21: EMITIDO DE JULHO A DEZ15 | Z21: =IF($Y21=0,"",DAY($Y21)) | AA21: =IF($Y21=0,"",MONTH($Y21)) | AB21: =IF($Y21=0,"",YEAR($Y21))
A22: MARIA FERNANDA RIGO CAVINATO | B22: 25943880-7 | C22: 368990678-46 | D22: 11 999887550 | E22: RUA TIRADENTES, 95 APTO 33 | F22: CENTRO | G22: SÃO BERNARDO DO CAMPO | H22: 09780-000 | I22: mfrcavinato@gmail.com | J22: ZUKE | K22: 1 | L22: 41878 | M22: =DAY(L22) -> 27 | N22: =MONTH(L22) -> 8 | O22: =YEAR(L22) -> 2014 | P22: 550 | Q22: =P22 -> 550 | R22: =Q22*6 -> 3300 | U22: EMITIDO DE JULHO A DEZ15 | Z22: =IF($Y22=0,"",DAY($Y22)) | AA22: =IF($Y22=0,"",MONTH($Y22)) | AB22: =IF($Y22=0,"",YEAR($Y22))
A23: CAMILA MOYA ALBERA DA COSTA | B23: 305433945 | C23: 326189408-30 | D23: 11 5521-6564 | E23: RUA VERGUEIRO 8993 BLC 2 APTO 14 | F23: ? | G23: São Paulo | H23: 4273200 | I23: camilamoya@picture.com.br | J23: NENE | K23: 1 | L23: 41860 | M23: =DAY(L23) -> 9 | N23: =MONTH(L23) -> 8 | O23: =YEAR(L23) -> 2014 | P23: 480 | Q23: =P23 -> 480 | R23: =Q23*6 -> 2880 | T23: DDA | U23: EMITIDO DE JULHO A DEZ15 | Z23: =IF($Y23=0,"",DAY($Y23)) | AA23: =IF($Y23=0,"",MONTH($Y23)) | AB23: =IF($Y23=0,"",YEAR($Y23))
A24: PAULA MATHIAS GOMES | B24: 277595277 | C24: 222644058-56 | D24: 11 2369-5248 | E24: RUA COPACABANA N°406 APTO 92 | F24: SANTA TEREZINHA | G24: São Paulo | H24: 02461-000 | I24: mathiaspaula9540@hotmail.com | J24: BUSTER | K24: 1 | L24: 40927 | M24: =DAY(L24) -> 19 | N24: =MONTH(L24) -> 1 | O24: =YEAR(L24) -> 2012 | P24: 390 | Q24: 480 | R24: =Q24*6 -> 2880 | U24: EMITIDO DE JULHO A DEZ15 | Z24: =IF($Y24=0,"",DAY($Y24)) | AA24: =IF($Y24=0,"",MONTH($Y24)) | AB24: =IF($Y24=0,"",YEAR($Y24))
A25: JAYME FERNANDEZ | B25: 300910010 | C25: 253550098-16 | D25: 11-999620702 | E25: RUA CAMILO NADER 123 APTO 81 | F25: VILA MORUMBI | G25: São Paulo | H25: 05688-031 | I25: recopelli@hotmail.com | J25: TONHO | K25: 1 | L25: 41683 | M25: =DAY(L25) -> 13 | N25: =MONTH(L25) -> 2 | O25: =YEAR(L25) -> 2014 | P25: 480 | Q25: 480 | R25: =Q25*6 -> 2880 | U25: EMITIDO DE JULHO A DEZ15 | Z25: =IF($Y25=0,"",DAY($Y25)) | AA25: =IF($Y25=0,"",MONTH($Y25)) | AB25: =IF($Y25=0,"",YEAR($Y25))
A26: PAULO RENATO BATISTA ALEXANDRE | B26: 05516900-7 | C26: 836537407-20 | D26: 11 2769-3572 | E26: AV. JANDIRA, 79 BLOCÃO A APTO 24 | F26: MOEMA | G26: São Paulo | H26: 04080-007 | I26: paulorenatoba@yahoo.com | J26: BILLY | K26: 1 | L26: 42183 | M26: 28 | N26: 6 | O26: 2015 | P26: 480 | Q26: 480 | R26: =Q26*3 -> 1440 | U26: EMITIDO DE JULHO A SET15 | Z26: =IF($Y26=0,"",DAY($Y26)) | AA26: =IF($Y26=0,"",MONTH($Y26)) | AB26: =IF($Y26=0,"",YEAR($Y26))
A27: OTAVIO VILLARES DE FREITAS | B27: 13737201 | C27: 126400238-61 | D27: 11 99982-7221 | E27: RUA DR. PINTO FERRAZ, 49 AP 116 | F27: VILA MARIANA | G27: SÃO PAULO | H27: 04117-040 | I27: OTAVIOVF@GMAIL.COM | J27: NED | K27: 1 | L27: 42271 | M27: 28 | N27: 6 | O27: 2015 | P27: 400 | Q27: 1200 | U27: PAGO POR 3 MESES SET, OUT E NOV | Z27: =IF($Y27=0,"",DAY($Y27)) | AA27: =IF($Y27=0,"",MONTH($Y27)) | AB27: =IF($Y27=0,"",YEAR($Y27))
A28: ANA CLAUDIA CUNHA TRAVASSOS | B28: 141308254 | C28: 245768928-78 | D28: 11-982446128 | E28: AV. GUILHERME DUMONT VILLARES, 2001 APTO 13 | F28: JD LONDRINA | G28: SÃO PAULO | H28: 05640-003 | I28: acctravassos@gmail.com | J28: NICK E MEL | K28: 2 | L28: 42010 | M28: =DAY(L28) -> 6 | N28: =MONTH(L28) -> 1 | O28: =YEAR(L28) -> 2015 | P28: 912 | Q28: 912 | R28: =Q28*6 -> 5472 | U28: EMITIDO DE JAN A JUN16 | Z28: =IF($Y28=0,"",DAY($Y28)) | AA28: =IF($Y28=0,"",MONTH($Y28)) | AB28: =IF($Y28=0,"",YEAR($Y28))
A29: DANIEL HABERER | B29: W368408 | C29: 251289448-75 | D29: 11 98122-8818 | E29: RUA IBIAPINOPOLIS, 947 APTO 91 | F29: JARDIM PAULISTANO | G29: São Paulo | H29: 01457-030 | I29: daniel@cosmotrade.com.br | J29: SANNY | K29: 1 | L29: 41866 | M29: =DAY(L29) -> 15 | N29: =MONTH(L29) -> 8 | O29: =YEAR(L29) -> 2014 | P29: 480 | Q29: 480 | R29: =Q29*6 -> 2880 | U29: EMITIDO DE JAN A JUN16 | Z29: =IF($Y29=0,"",DAY($Y29)) | AA29: =IF($Y29=0,"",MONTH($Y29)) | AB29: =IF($Y29=0,"",YEAR($Y29))
A30: EDNA MARIA COSTA BEDINI | B30: 9.738.994-8 | C30: 770578138-72 | D30: 11 2642-2261 | E30: RUA DOUTOR VICENTE GIACAGLINI, 556 TORRE 1 APTO 22 | F30: VILA BELA | G30: SÃO PAULO | H30: 03203-000 | I30: ednabedini@gmail.com | J30: PANDORA | K30: 1 | L30: 42266 | M30: =DAY(L30) -> 19 | N30: =MONTH(L30) -> 9 | O30: =YEAR(L30) -> 2015 | Q30: 480 | R30: =Q30*6 -> 2880 | U30: EMITIDO DE JAN A JUN16 | Z30: =IF($Y30=0,"",DAY($Y30)) | AA30: =IF($Y30=0,"",MONTH($Y30)) | AB30: =IF($Y30=0,"",YEAR($Y30))
A31: CHRISTIAN MESQUITA YEGH | B31: 34361179 | C31: 292738368-52 | D31: 11 9 4727-2910 | E31: RUA NOSSA SENHORA DA SAÚDE, 287 APTO 68 BLC II | F31: VILA SANTO ESTEFANO | G31: SÃO PAULO | H31: 04159-000 | I31: christianyegh@gmail.com | J31: DONATELLA | K31: 1 | L31: 42225 | M31: =DAY(L31) -> 9 | N31: =MONTH(L31) -> 8 | O31: =YEAR(L31) -> 2015 | P31: 480 | Q31: 480 | R31: =Q31*6 -> 2880 | U31: EMITIDO DE JAN A JUN16 | Z31: =IF($Y31=0,"",DAY($Y31)) | AA31: =IF($Y31=0,"",MONTH($Y31)) | AB31: =IF($Y31=0,"",YEAR($Y31))
A32: ELIZA MARA CRISTINO COSTA | B32: 8229130 | C32: 032.179.018-94 | D32: 11 28180392 | E32: RUA TONELEIROS, 346 APTO 91 | F32: VILA IPOJUCA | G32: SÃO PAULO | H32: 05056-000 | I32: elizasp2008@hotmail.com | J32: AISHA | K32: 1 | L32: 42392 | M32: =DAY(L32) -> 23 | N32: =MONTH(L32) -> 1 | O32: =YEAR(L32) -> 2016 | Q32: 420 | R32: =Q32*5 -> 2100 | U32: EMITIDO DE FEV A JUN16 | Z32: =IF($Y32=0,"",DAY($Y32)) | AA32: =IF($Y32=0,"",MONTH($Y32)) | AB32: =IF($Y32=0,"",YEAR($Y32))
A33: RUTHY DEBORA SASSOON | B33: 9894547-6 | C33: 49663378-36 | D33: 11 3666-2982 | E33: AVENIDA HIGIENOPOLIS, 1048 APTO 76 | F33: HIGIENOPOLIS | G33: SÃO PAULO | H33: 01238-000 | I33: ruthysassoon@bol.com.br | J33: ROCKY CROC | K33: 1 | L33: 42264 | M33: =DAY(L33) -> 17 | N33: =MONTH(L33) -> 9 | O33: =YEAR(L33) -> 2015 | Q33: 400 | R33: =Q33*6 -> 2400 | U33: EMITIDO BOLETO FEV16 | Z33: =IF($Y33=0,"",DAY($Y33)) | AA33: =IF($Y33=0,"",MONTH($Y33)) | AB33: =IF($Y33=0,"",YEAR($Y33))
A34: RENAN DE BRITO VIANA | B34: 302112455 | C34: 351.050.918-84 | D34: 11 37218070 | E34: RUA DOS TRES IRMÃOS 149 APTO 91 | F34: VILA PROGREDIDOR | G34: SÃO PAULO | H34: 05615-190 | I34: renanviana.pt@gmail.com | J34: MADALENA | K34: 1 | L34: 42390 | M34: =DAY(L34) -> 21 | N34: =MONTH(L34) -> 1 | O34: =YEAR(L34) -> 2016 | Q34: 480 | R34: =Q34*5 -> 2400 | Z34: =IF($Y34=0,"",DAY($Y34)) | AA34: =IF($Y34=0,"",MONTH($Y34)) | AB34: =IF($Y34=0,"",YEAR($Y34))
A35: ALCINDO HEBLING JUNIOR | B35: 17016885 | C35: 073356968-44 | D35: 11 5183-3654 | E35: RUA ALEXANDRE DUMAS N°1410, APTO 42 | F35: CHACARA SANTO ANTONIO | G35: São Paulo | H35: 04717-003 | I35: rhebling@me.com | J35: LUNA | K35: 1 | L35: 41178 | M35: =DAY(L35) -> 26 | N35: =MONTH(L35) -> 9 | O35: =YEAR(L35) -> 2012 | P35: 1026 | Q35: 400 | R35: =Q35*6 -> 2400 | U35: EMITIDO DE JAN A JUN16 | Z35: =IF($Y35=0,"",DAY($Y35)) | AA35: =IF($Y35=0,"",MONTH($Y35)) | AB35: =IF($Y35=0,"",YEAR($Y35))
A36: ALEX TAVARES FAIOTTO | B36: 364214041 | C36: 396.550.868-79 | D36: 11 29050159 | E36: RUA DOUTOR LUIZ MIGLIANO 761 APTO 184 A | F36: JARDIM CABORE | G36: SÃO PAULO | H36: 05711-001 | J36: GORDUCHA | K36: 1 | L36: 42395 | M36: =DAY(L36) -> 26 | N36: =MONTH(L36) -> 1 | O36: =YEAR(L36) -> 2016 | Q36: 480 | R36: =Q36*5 -> 2400 | U36: EMITIDO DE FEV A JUN16 | Z36: =IF($Y36=0,"",DAY($Y36)) | AA36: =IF($Y36=0,"",MONTH($Y36)) | AB36: =IF($Y36=0,"",YEAR($Y36))
A37: LUIZ FRANCISCO TORQUATO AVOLIO | B37: 6329430 | C37: 023116948-55 | D37: 11 3063-4627 | E37: ALAMEDA CASA BRANCA, 978 APTO 151 | F37: CERQUEIRA CESAR | G37: São Paulo | H37: 1408000 | I37: lfavolio@uol.com.br | J37: CHICO | K37: 1 | L37: 41896 | M37: =DAY(L37) -> 14 | N37: =MONTH(L37) -> 9 | O37: =YEAR(L37) -> 2014 | P37: 480 | Q37: =P37 -> 480 | R37: =Q37*6 -> 2880 | T37: DDA | U37: EMITIDO DE JAN A JUN16 | Z37: =IF($Y37=0,"",DAY($Y37)) | AA37: =IF($Y37=0,"",MONTH($Y37)) | AB37: =IF($Y37=0,"",YEAR($Y37))
A38: RENATA DE CARVALHO PINTO BUENO | B38: 254129997 | C38: 282496648-33 | D38: 11 33617185 | E38: RUA CAJUEIRO, 57 | F38: SAUSALITO | G38: MAIRIPORÃ | H38: 07600-000 | I38: renata@gaiolaestudio.com.br | J38: AZUL E RAICA | K38: 2 | L38: 42077 | M38: =DAY(L38) -> 14 | N38: =MONTH(L38) -> 3 | O38: =YEAR(L38) -> 2015 | P38: 912 | Q38: =P38 -> 912 | R38: =Q38*6 -> 5472 | U38: EMITIDO DE JAN A JUN16 | Z38: =IF($Y38=0,"",DAY($Y38)) | AA38: =IF($Y38=0,"",MONTH($Y38)) | AB38: =IF($Y38=0,"",YEAR($Y38))
A39: PAULA RAMOS C. da S. PRADO | B39: 29087248-0 | C39: 259.283.388-99 | D39: 11-983776061 | E39: RUA DESEMBARGADOR DO VALE 932 AP 61 | F39: PERDIZES | G39: SÃO PAULO | H39: 05010-040 | I39: poletecalvoso@gmail.com | J39: PIRATA | K39: 1 | L39: 42396 | M39: =DAY(L39) -> 27 | N39: =MONTH(L39) -> 1 | O39: =YEAR(L39) -> 2016 | Q39: 480 | U39: EMITIDO BOLETO FEV16 | X39: POR 02 MESES | Z39: =IF($Y39=0,"",DAY($Y39)) | AA39: =IF($Y39=0,"",MONTH($Y39)) | AB39: =IF($Y39=0,"",YEAR($Y39))
A40: ANDREA APARECIDA MARTINS PEREIRA | B40: 21565970 | C40: 130.430.778-65 | D40: 11 27379664 | E40: RUA IMBITUBA, 205 BLC 05 APTO 32 | F40: VILA PRUDENTE | G40: SÃO PAULO | H40: 03132-090 | I40: andy_mpereira@hotmail.com | J40: BOBY | K40: 1 | L40: 42393 | M40: =DAY(L40) -> 24 | N40: =MONTH(L40) -> 1 | O40: =YEAR(L40) -> 2016 | Q40: 480 | R40: =Q40*5 -> 2400 | U40: EMITIDO DE FEV A JUN16 | Z40: =IF($Y40=0,"",DAY($Y40)) | AA40: =IF($Y40=0,"",MONTH($Y40)) | AB40: =IF($Y40=0,"",YEAR($Y40))
A41: WOLFGANG VON PUTTKAMMER NETO | B41: 9840532 | C41: 112.221.878-84 | D41: 11 96327-2884 | E41: ESTRADA VELHA DE SOROCABA 00649 CASA 23 | F41: GRANJA VIANA | G41: COTIA | H41: 06709-320 | I41: wolf.von@terra.com.br | J41: Marley | K41: 1 | L41: 42450 | M41: =DAY(L41) -> 21 | N41: =MONTH(L41) -> 3 | O41: =YEAR(L41) -> 2016 | Q41: 480 | R41: 480 | T41: POR 02 MESES | U41: EMITIDO ABR16 | Z41: =IF($Y41=0,"",DAY($Y41)) | AA41: =IF($Y41=0,"",MONTH($Y41)) | AB41: =IF($Y41=0,"",YEAR($Y41))
A42: EDUARDO BERNARDES | B42: 54910699 | C42: 816441838-20 | D42: 11 3461-5600 | E42: RUA FILIPINAS n°235 apto 2203 | F42: ALTO DA LAPA | G42: São Paulo | H42: 05083-120 | I42: eduardobernardes@ig.com.br | J42: PHILL | K42: 1 | L42: 41307 | M42: =DAY(L42) -> 2 | N42: =MONTH(L42) -> 2 | O42: =YEAR(L42) -> 2013 | P42: 425 | Q42: 450 | R42: =Q42*6 -> 2700 | T42: DDA | U42: EMITIDO DE JAN A JUN16 | Z42: =IF($Y42=0,"",DAY($Y42)) | AA42: =IF($Y42=0,"",MONTH($Y42)) | AB42: =IF($Y42=0,"",YEAR($Y42))
A43: MARINA HARUKO MORI BIONDO | B43: 261831173 | C43: 310.211.708-28 | D43: 11 99801 9800 | E43: RUA DOM CONSTANTINO BARRADAS, 130 APTO 12 | F43: VILA GUMERCINDO | G43: SÃO PAULO | H43: 04134-110 | I43: marinahmori@gmail.com | J43: VITO E DOCINHO | K43: 2 | L43: 42387 | M43: =DAY(L43) -> 18 | N43: =MONTH(L43) -> 1 | O43: =YEAR(L43) -> 2016 | Q43: 1125 | R43: =Q43*5 -> 5625 | U43: EMITIDO DE FEV A JUN16 | X43: POR 06 MESES | Z43: =IF($Y43=0,"",DAY($Y43)) | AA43: =IF($Y43=0,"",MONTH($Y43)) | AB43: =IF($Y43=0,"",YEAR($Y43))
A44: NATASHA NISHIDA | B44: 283052338 | C44: 356.155.858-54 | D44: 11 997951351 | E44: RUA PARACATU 515 APTO 11 | F44: PARQUE IMPERIAL | G44: SÃO PAULO | H44: 04302-021 | I44: nat.nishida@gmail.com | J44: WILLY WONKA | K44: 1 | L44: 42405 | M44: =DAY(L44) -> 5 | N44: =MONTH(L44) -> 2 | O44: =YEAR(L44) -> 2016 | Q44: 590 | R44: =Q44*4 -> 2360 | T44: DDA | Z44: =IF($Y44=0,"",DAY($Y44)) | AA44: =IF($Y44=0,"",MONTH($Y44)) | AB44: =IF($Y44=0,"",YEAR($Y44))
A45: ANDRE GEORG GRUNGLASSE | B45: 33087354 | C45: 355677048-28 | D45: 11 3262-0608 | E45: ALAMEDA MINISTRO ROCHA DE AZEVEDO, 545 APTO 61 | F45: CERQUEIRA CESAR | G45: São Paulo | H45: 1410001 | I45: andregrun69@hotmail.com | J45: KURA | K45: 1 | L45: 41773 | M45: =DAY(L45) -> 14 | N45: =MONTH(L45) -> 5 | O45: =YEAR(L45) -> 2014 | Q45: 275 | R45: =Q45*6 -> 1650 | T45: DDA | U45: EMITIDO DE JAN A JUN16 | Z45: =IF($Y45=0,"",DAY($Y45)) | AA45: =IF($Y45=0,"",MONTH($Y45)) | AB45: =IF($Y45=0,"",YEAR($Y45))
A46: VANESSA MUN HEE KIM | B46: V172174U | C46: 366077308-50 | D46: 11 97313-4004 | E46: RUA BRIGADEIRO GALVÃO,127 APTO 55 | F46: BARRA FUNDA | G46: SÃO PAULO | H46: 01151-000 | I46: v.mhkim@gmail.com | J46: TOMMY | K46: 1 | L46: 42105 | M46: =DAY(L46) -> 11 | N46: =MONTH(L46) -> 4 | O46: =YEAR(L46) -> 2015 | P46: 480 | Q46: =P46 -> 480 | R46: =Q46*6 -> 2880 | Z46: =IF($Y46=0,"",DAY($Y46)) | AA46: =IF($Y46=0,"",MONTH($Y46)) | AB46: =IF($Y46=0,"",YEAR($Y46))
A47: LUCIA HELENA JORGE DE AZEVEDO | B47: 11335768 | C47: 041032858-85 | D47: 11 3564-4337 | E47: RUA CAJAIBA N° 389 APTO 21 | F47: POMPEIA | G47: São Paulo | H47: 5025000 | I47: lucinhadubladora@uol.com.br | J47: MAYLOW | K47: 1 | L47: 41216 | M47: =DAY(L47) -> 3 | N47: =MONTH(L47) -> 11 | O47: =YEAR(L47) -> 2012 | P47: 425 | Q47: =ROUNDUP((P47*1.1294),2) -> 480 | R47: =Q47*6 -> 2880 | T47: DDA | Z47: =IF($Y47=0,"",DAY($Y47)) | AA47: =IF($Y47=0,"",MONTH($Y47)) | AB47: =IF($Y47=0,"",YEAR($Y47))
A48: SUELI DI MAURO | B48: 183400835 | C48: 284528128-50 | D48: 11 9770-3734 | E48: RUA UBIRACICA N° 460 A | F48: BOAÇAVA | G48: São Paulo | H48: 05470-020 | I48: suelidimauro@hotmail.com | J48: SEBA, PINGO, DOG, LUKE, | K48: 4 | L48: 42403 | M48: =DAY(L48) -> 3 | N48: =MONTH(L48) -> 2 | O48: =YEAR(L48) -> 2016 | Q48: =K48*380 -> 1520 | R48: =Q48*6 -> 9120 | T48: 380 cada | U48: EMITIDO BOLETO DE JUL | Z48: =IF($Y48=0,"",DAY($Y48)) | AA48: =IF($Y48=0,"",MONTH($Y48)) | AB48: =IF($Y48=0,"",YEAR($Y48))
A49: SUELI DI MAURO | B49: 183400835 | C49: 284528128-50 | D49: 11 9770-3734 | E49: RUA UBIRACICA N° 460 A | F49: BOAÇAVA | G49: São Paulo | H49: 05470-020 | I49: suelidimauro@hotmail.com | J49: HULK , NEGUINHO E BRAD | K49: 3 | L49: 41273 | M49: =DAY(L49) -> 30 | N49: =MONTH(L49) -> 12 | O49: =YEAR(L49) -> 2012 | Q49: 1344 | R49: =Q49*6 -> 8064 | U49: EMITIDO BOLETO DE JUNHO | Z49: =IF($Y49=0,"",DAY($Y49)) | AA49: =IF($Y49=0,"",MONTH($Y49)) | AB49: =IF($Y49=0,"",YEAR($Y49))
A50: MAURICIO TADEU DI GIORGIO | B50: 3797447-6 | C50: 595504228-87 | D50: 11 94190-1295 | E50: AV. BARTOLOMEU DE GUSMÃO, 17 APTO 121 BLOCO GRAUSSAS | F50: BOQUEIRÃO | G50: SANTOS | H50: 11045-400 | I50: mtgiorgio@uol.com.br | J50: NERO | K50: 1 | L50: 42227 | M50: =DAY(L50) -> 11 | N50: =MONTH(L50) -> 8 | O50: =YEAR(L50) -> 2015 | Q50: 480 | R50: =Q50*6 -> 2880 | T50: DDA | U50: EMITIDO BOLETO DE JUL A DEZ 16 | Z50: =IF($Y50=0,"",DAY($Y50)) | AA50: =IF($Y50=0,"",MONTH($Y50)) | AB50: =IF($Y50=0,"",YEAR($Y50))
A51: RAFAEL SILVA DE ANDRADE | B51: 34822280 | C51: 318.014.778-41 | D51: 119 9854-5059 | E51: RUA TITO 842 APTO 201 ED VITRE | F51: VILA ROMANA | G51: SÃO PAULO | H51: 05051-000 | I51: rafael@grupofuncional.com.br | J51: ZULU | K51: 1 | L51: 42581 | M51: =DAY(L51) -> 30 | N51: =MONTH(L51) -> 7 | O51: =YEAR(L51) -> 2016 | Q51: 380 | R51: =Q51*5 -> 1900 | U51: EMITIDO BOLETO DE AGO A DEZ 16 | Z51: =IF($Y51=0,"",DAY($Y51)) | AA51: =IF($Y51=0,"",MONTH($Y51)) | AB51: =IF($Y51=0,"",YEAR($Y51))
A52: JOSÉ FRANCISCO RODRIGUES DA SILVA | B52: 20412865-1 | C52: 084705668-65 | D52: 11 4152-3397 | E52: ALAMEDA PEROLA, 194 ALPHAVILLE 9 | F52: SANTANA DO PARNAIBA | G52: São Paulo | H52: 06540-245 | I52: josefranciscosilva77@gmail.com | J52: BLACK E HANNA | K52: 2 | L52: 42105 | M52: =DAY(L52) -> 11 | N52: =MONTH(L52) -> 4 | O52: =YEAR(L52) -> 2015 | P52: 912 | Q52: =P52 -> 912 | R52: =Q52*6 -> 5472 | T52: DDA | U52: EMITIDO BOLETO DE JUL A DEZ 16 | Z52: =IF($Y52=0,"",DAY($Y52)) | AA52: =IF($Y52=0,"",MONTH($Y52)) | AB52: =IF($Y52=0,"",YEAR($Y52))
A53: GABRIEL SEBASTIAN RAPHAELO LUNA LOPES | B53: 477513335 | C53: 404961058-25 | D53: 11 45619840 | E53: RUA COMENDADOR FRANCITESCO PETINATTI 44 APTO 113 | F53: JARDIM MONKEL | G53: SÃO PAULO | H53: 05634-010 | I53: gabriel.raph@gmail.com | J53: ALFREDO | K53: 1 | L53: 42560 | M53: =DAY(L53) -> 9 | N53: =MONTH(L53) -> 7 | O53: =YEAR(L53) -> 2016 | Q53: 380 | R53: =Q53*5 -> 1900 | U53: EMITIDO BOLETO DE AGO A DEZ 16 | Z53: =IF($Y53=0,"",DAY($Y53)) | AA53: =IF($Y53=0,"",MONTH($Y53)) | AB53: =IF($Y53=0,"",YEAR($Y53))
A54: JOYCE DUARTE PEREIRA | B54: 41299991 | C54: 30956162878 | D54: 11 5077-3973 | E54: RUA ENG AMERICO DE CARVALHO RAMOS 165 | F54: VILA GUMERCINDO | G54: SÃO PAULO | H54: 4130040 | I54: joyce.duarte@gmail.com | J54: JANE | K54: 1 | L54: 42597 | M54: =DAY(L54) -> 15 | N54: =MONTH(L54) -> 8 | O54: =YEAR(L54) -> 2016 | Q54: 380 | T54: POR 01 MÊS | Z54: =IF($Y54=0,"",DAY($Y54)) | AA54: =IF($Y54=0,"",MONTH($Y54)) | AB54: =IF($Y54=0,"",YEAR($Y54))
A55: APARECIDA DONZETTI HENRIQUES | B55: 21485976 | C55: 144.209.678-03 | D55: 11 3251-4725 | E55: AV. PAULISTA, 671 APTO 707 | F55: CERQUEIRA CESAR | G55: SÃO PAULO | H55: 01311-100 | I55: terapeuta.com@hotmail.com | J55: Bobby, Bebé, Sacha | K55: 3 | L55: 42446 | M55: =DAY(L55) -> 17 | N55: =MONTH(L55) -> 3 | O55: =YEAR(L55) -> 2016 | Q55: 1344 | R55: =Q55*5 -> 6720 | U55: EMITIDO DE ABR A SET 16 | Z55: =IF($Y55=0,"",DAY($Y55)) | AA55: =IF($Y55=0,"",MONTH($Y55)) | AB55: =IF($Y55=0,"",YEAR($Y55))
A56: FREDERICO JAYME NASSER | B56: 2832893 | C56: 499.549.118-04 | D56: 11-30792274 | E56: Rua Pedroso Alvarenga, 147 APTO 32 | F56: Itaim Bibi | G56: São Paulo | H56: 04531-010 | I56: fnasser@pobox.com | J56: BILLY | K56: 1 | L56: 42391 | M56: =DAY(L56) -> 22 | N56: =MONTH(L56) -> 1 | O56: =YEAR(L56) -> 2016 | Q56: 480 | R56: =Q56*6 -> 2880 | U56: EMITIDO BOLETO DE JUL A DEZ 16 | Z56: =IF($Y56=0,"",DAY($Y56)) | AA56: =IF($Y56=0,"",MONTH($Y56)) | AB56: =IF($Y56=0,"",YEAR($Y56))
A57: CAIO PEREIRA PINTO | B57: 41470681X | C57: 340766688-80 | D57: 11-32054028 | E57: RUA ELISA SILVEIRA, 397 | F57: CS VILA SANTO ESTÉFANO | G57: SÃO PAULO | H57: 04152-000 | I57: caioinbox@gmail.com | J57: MHELL | K57: 1 | L57: 42215 | M57: =DAY(L57) -> 30 | N57: =MONTH(L57) -> 7 | O57: =YEAR(L57) -> 2015 | P57: 440 | Q57: 480 | R57: =Q57*6+21 -> 2901 | U57: EMITIDO BOLETO DE JUL A DEZ 16 | Z57: =IF($Y57=0,"",DAY($Y57)) | AA57: =IF($Y57=0,"",MONTH($Y57)) | AB57: =IF($Y57=0,"",YEAR($Y57))
A58: RONE CARVALHO COSTA | B58: 18121168 | C58: 142.813.728-90 | D58: 11 959749671 | E58: RUA URANO 46 APTO 93 | F58: ACLIMAÇÃO | G58: SÃO PAULO | H58: 01529-010 | I58: costarone.c@gmail.com | J58: BENTO | K58: 1 | L58: 42506 | M58: =DAY(L58) -> 16 | N58: =MONTH(L58) -> 5 | O58: =YEAR(L58) -> 2016 | Q58: 480 | R58: =Q58*6 -> 2880 | U58: EMITIDO BOLETO DE JUL A DEZ 16 | Z58: =IF($Y58=0,"",DAY($Y58)) | AA58: =IF($Y58=0,"",MONTH($Y58)) | AB58: =IF($Y58=0,"",YEAR($Y58))
A59: MARIZILDA ESCUDEIRO DE OLIVEIRA | B59: 8784813-2 | C59: 034823648-42 | D59: 11 991317217 | E59: AV. SARGENTO GERALDO SANTANA 1100 BLC 12 APTO 34 | F59: JARDIM TAQUARAL | G59: São Paulo | H59: 4674225 | I59: marizilda.escudeiro@gmail.com | J59: SIMBA | K59: 1 | L59: 42154 | M59: =DAY(L59) -> 30 | N59: =MONTH(L59) -> 5 | O59: =YEAR(L59) -> 2015 | Q59: 480 | R59: =Q59*6 -> 2880 | U59: EMITIDO BOLETO DE JUL A DEZ 16 | Z59: =IF($Y59=0,"",DAY($Y59)) | AA59: =IF($Y59=0,"",MONTH($Y59)) | AB59: =IF($Y59=0,"",YEAR($Y59))
A60: JOYCE DUARTE PEREIRA | B60: 41299991 | C60: 309561628-78 | D60: 11 50773973 | E60: RUA ENG AMERICO DE CARVALHO RAMOS 165 | F60: VILA GUMERCINDO | G60: SÃO PAULO | H60: 04130-040 | I60: joyce.duarte@gmail.com | J60: JULLIAN | K60: 1 | L60: 42567 | M60: =DAY(L60) -> 16 | N60: =MONTH(L60) -> 7 | O60: =YEAR(L60) -> 2016 | Q60: 380 | R60: =Q60*3 -> 1140 | T60: POR 03MESES | U60: EMITIDO BOLETO DE AGO A DEZ16 | Z60: =IF($Y60=0,"",DAY($Y60)) | AA60: =IF($Y60=0,"",MONTH($Y60)) | AB60: =IF($Y60=0,"",YEAR($Y60))
A61: MARIANGELA ALVAREZ YAMIM | B61: 8660420 | C61: 044598338-83 | D61: 11 3501-1325 | E61: RUA JOSÉ CARLOS DE TOLEDO PIZA, 149 APTO 23 | F61: JARDIM PARQUE MORUMBI | G61: São Paulo | H61: 05712-070 | I61: mary.yamin@gmail.com | J61: JERRY | K61: 1 | L61: 41853 | M61: =DAY(L61) -> 2 | N61: =MONTH(L61) -> 8 | O61: =YEAR(L61) -> 2014 | P61: 480 | Q61: 480 | R61: =Q61*6 -> 2880 | U61: EMITIDO BOLETO DE JUL A DEZ 16 | Z61: =IF($Y61=0,"",DAY($Y61)) | AA61: =IF($Y61=0,"",MONTH($Y61)) | AB61: =IF($Y61=0,"",YEAR($Y61))
A62: BRUNELLA MAR | B62: 274444689 | C62: 276845858-94 | D62: 11 97283-2929 | E62: AV. PE ARLINDO VIEIRA , 700 - APTO 164B | F62: VILA VERMELHA | G62: São Paulo | H62: 04297-000 | I62: brunella.mar@terra.com.br | J62: NEGÃO | K62: 1 | L62: 41897 | M62: =DAY(L62) -> 15 | N62: =MONTH(L62) -> 9 | O62: =YEAR(L62) -> 2014 | P62: 480 | Q62: 480 | R62: =Q62*6 -> 2880 | U62: EMITIDO BOLETO DE JUL A DEZ 16 | Z62: =IF($Y62=0,"",DAY($Y62)) | AA62: =IF($Y62=0,"",MONTH($Y62)) | AB62: =IF($Y62=0,"",YEAR($Y62))
A63: THALITA JOAZEIRO DA NOBREGA | B63: 40.633.923-5 | C63: 368500578-20 | D63: 11 2503-3359 | E63: RUA LEOPOLDO COUTO DE MAGALHÃES JUNIOR N°540 Apto 103 | F63: ITAIM BIBI | G63: São Paulo | I63: thalita.nobrega@itaubba.com | J63: ZEUS | K63: 1 | L63: 41276 | M63: =DAY(L63) -> 2 | N63: =MONTH(L63) -> 1 | O63: =YEAR(L63) -> 2013 | P63: 425 | Q63: 480 | R63: =Q63*6 -> 2880 | T63: DDA | U63: EMITIDO BOLETO DE JUL A DEZ 16 | Z63: =IF($Y63=0,"",DAY($Y63)) | AA63: =IF($Y63=0,"",MONTH($Y63)) | AB63: =IF($Y63=0,"",YEAR($Y63))
A64: MIRACI SILVA COSTA | B64: 422494525 | C64: 303944458-13 | D64: 11 972192741 | E64: RUA ESTRELA DALVA, 167 | F64: JARDIM ROBRU | G64: SÃO PAULO | H64: 08441-050 | I64: miracisilvacosta65@hotmail.com | J64: SOFIA | K64: 1 | L64: 42552 | M64: =DAY(L64) -> 1 | N64: =MONTH(L64) -> 7 | O64: =YEAR(L64) -> 2016 | Q64: 480 | R64: =Q64*5 -> 2400 | U64: EMITIDO BOLETO DE AGO A DEZ 16 | X64: NERO | Z64: =IF($Y64=0,"",DAY($Y64)) | AA64: =IF($Y64=0,"",MONTH($Y64)) | AB64: =IF($Y64=0,"",YEAR($Y64))
A65: LUCIA IRENE ROCCA MONTEIRO | B65: 17054633 | C65: 052771178-06 | D65: 11 2955-4370 | E65: RUA RUBENS MEIRELLES 105 APTO 31 MAGIC | F65: VARZEA DA BARRA FUNDA | G65: São Paulo | H65: 01141-000 | I65: luciar@telefonica.com | J65: JOTA | K65: 1 | L65: 41715 | M65: =DAY(L65) -> 17 | N65: =MONTH(L65) -> 3 | O65: =YEAR(L65) -> 2014 | P65: 480 | Q65: 480 | R65: =Q65*6 -> 2880 | U65: EMITIDO BOLETO JAN A JUN 17 | Y65: 42734 | Z65: =IF($Y65=0,"",DAY($Y65)) -> 30 | AA65: =IF($Y65=0,"",MONTH($Y65)) -> 12 | AB65: =IF($Y65=0,"",YEAR($Y65)) -> 2016
A66: GABRIEL ASSIS | B66: 317631042 | C66: 14083634-96 | D66: 11 9 8240-6708 | E66: RUA DOUTOR NOGUEIRA MARTINS 634 APTO 24 | F66: SAÚDE | G66: SÃO PAULO | H66: 4143020 | I66: cmsassis@hotmail.com | J66: THOR | K66: 1 | L66: 42597 | M66: =DAY(L66) -> 15 | N66: =MONTH(L66) -> 8 | O66: =YEAR(L66) -> 2016 | Q66: 380 | R66: =Q66*6 -> 2280 | U66: EMITIDO BOLETO JAN A JUN 17 | Y66: 42745 | Z66: =IF($Y66=0,"",DAY($Y66)) -> 10 | AA66: =IF($Y66=0,"",MONTH($Y66)) -> 1 | AB66: =IF($Y66=0,"",YEAR($Y66)) -> 2017
A67: REGINA AIKO FUKUNAGA KATO | B67: 6296923 | C67: 011.684.048-00 | D67: 11 5549-8720/ 995215123 | E67: RUA DOUTOR DIOGO FARIA 1320, APTO 64 | F67: VILA CLEMENTINO | G67: SÃO PAULO | H67: 04037-005 | I67: dentistafnd@terra.com.br | J67: KITTY | K67: 1 | L67: 42648 | M67: =DAY(L67) -> 5 | N67: =MONTH(L67) -> 10 | O67: =YEAR(L67) -> 2016 | Q67: 480 | R67: =Q67*6 -> 2880 | U67: EMITIDO CARTÃO ATÉ JAN/16 | X67: Somente a partir de Fev/17 | Y67: 42755 | Z67: =IF($Y67=0,"",DAY($Y67)) -> 20 | AA67: =IF($Y67=0,"",MONTH($Y67)) -> 1 | AB67: =IF($Y67=0,"",YEAR($Y67)) -> 2017
A68: CLIMERIO PEREIRA DO NASCIMENTO JUNIOR | B68: 50780525-2 | C68: 932190244-91 | D68: 11 4305-6059 | E68: RUA JUREIA, 299 | F68: CHACARA INGLESA | G68: São Paulo | H68: 4140110 | I68: climeriojr@yahoo.com.br | J68: SANSÃO | K68: 1 | L68: 41773 | M68: =DAY(L68) -> 14 | N68: =MONTH(L68) -> 5 | O68: =YEAR(L68) -> 2014 | P68: 480 | Q68: 400 | R68: =Q68*12 -> 4800 | U68: EMITIDO BOLETO ANUAL DE AGO 16 A JUL17 | Y68: 42758 | Z68: =IF($Y68=0,"",DAY($Y68)) -> 23 | AA68: =IF($Y68=0,"",MONTH($Y68)) -> 1 | AB68: =IF($Y68=0,"",YEAR($Y68)) -> 2017
A69: ANDRÉ GEORGE GRUNGLASSE | B69: 33087354 | C69: 355677048-28 | D69: 11 999418877 | E69: ALAMEDA MINISTRO ROCHA DE AZEVEDO 00545 APTO 61 | F69: CERQUEIRA CESAR | G69: São Paulo | H69: 1410001 | I69: andregrun69@hotmail.com | J69: KURA | K69: 1 | L69: 42606 | M69: =DAY(L69) -> 24 | N69: =MONTH(L69) -> 8 | O69: =YEAR(L69) -> 2016 | Q69: 380 | R69: =Q69*6 -> 2280 | U69: EMITIDO BOLETO JAN A JUN 17 | Y69: 42755 | Z69: =IF($Y69=0,"",DAY($Y69)) -> 20 | AA69: =IF($Y69=0,"",MONTH($Y69)) -> 1 | AB69: =IF($Y69=0,"",YEAR($Y69)) -> 2017
A70: PRISCILA ROSANETE DOS REIS | B70: 21593533 | C70: 169881668-58 | D70: 11 9551-0046 | E70: RUA MINAS GERAIS N°428 APTO 107 | F70: HIGIENOPOLIS | G70: São Paulo | H70: 01244-010 | I70: pri.reis@gmail.com | J70: CHE GUEVARA | K70: 1 | L70: 40495 | M70: =DAY(L70) -> 13 | N70: =MONTH(L70) -> 11 | O70: =YEAR(L70) -> 2010 | P70: 425 | Q70: 480 | R70: =Q70*6 -> 2880 | U70: EMITIDO BOLETO JAN A JUN 17 | Y70: 42755 | Z70: =IF($Y70=0,"",DAY($Y70)) -> 20 | AA70: =IF($Y70=0,"",MONTH($Y70)) -> 1 | AB70: =IF($Y70=0,"",YEAR($Y70)) -> 2017
A71: DORA CAIRIAC VERONEZZI | B71: 4384011 | C71: 101464438-02 | D71: 11 9 6179-7755 | E71: AV. VILA EMA 5446 TORRE 3 AP 114 | F71: VILA EMA | G71: SÃO PAULO | H71: 03282-001 | I71: dora.cairiac@hotmail.com | J71: BETOVEN | K71: 1 | L71: 42537 | M71: =DAY(L71) -> 16 | N71: =MONTH(L71) -> 6 | O71: =YEAR(L71) -> 2016 | Q71: 480 | R71: =Q71*6 -> 2880 | U71: EMITIDO BOLETO JAN A JUN 17 | Y71: 42766 | Z71: =IF($Y71=0,"",DAY($Y71)) -> 31 | AA71: =IF($Y71=0,"",MONTH($Y71)) -> 1 | AB71: =IF($Y71=0,"",YEAR($Y71)) -> 2017
A72: RHAYSA RAVENNA DE ALMEIDA PEREIRA | B72: 1024213 | C72: 042.985.951-10 | D72: 11-962149817 | E72: RUA MONTE ALEGRE 90 APTO 54 | F72: PERDIZES | G72: SÃO PAULO | H72: 05014-000 | I72: rhaysaravena26@hotmail.com | J72: BELLA | K72: 1 | L72: 42581 | M72: =DAY(L72) -> 30 | N72: =MONTH(L72) -> 7 | O72: =YEAR(L72) -> 2016 | Q72: 380 | R72: =Q72*6 -> 2280 | U72: EMITIDO BOLETO JAN A JUN 17 | Y72: 42788 | Z72: =IF($Y72=0,"",DAY($Y72)) -> 22 | AA72: =IF($Y72=0,"",MONTH($Y72)) -> 2 | AB72: =IF($Y72=0,"",YEAR($Y72)) -> 2017
A73: ALAN DE MELO GOMES | B73: 373808719 | C73: 402.688.038-97 | D73: 11 9 73986075 | E73: AV. COMENDADOR FEIZ ZARZUR, 1054 | F73: PIRITUBA | G73: SÃO PAULO | H73: 02942-000 | I73: alan.gomescoulook.com | J73: CHARLIE | K73: 1 | L73: 42397 | M73: =DAY(L73) -> 28 | N73: =MONTH(L73) -> 1 | O73: =YEAR(L73) -> 2016 | Q73: 480 | R73: =Q73*6 -> 2880 | U73: EMITIDO BOLETO JAN A JUN 17 | Y73: 42761 | Z73: =IF($Y73=0,"",DAY($Y73)) -> 26 | AA73: =IF($Y73=0,"",MONTH($Y73)) -> 1 | AB73: =IF($Y73=0,"",YEAR($Y73)) -> 2017
A74: CIBELE MOMESSE RODRIGUEZ | B74: 247295681 | C74: 179983938-90 | D74: 11 9 9192-2630 | E74: TRAVESSA ARCADIA 84 | F74: VILA PALMARES | G74: SANTO ANDRÉ | H74: 9061680 | I74: cibelerodriguez@yahoo.com.br | J74: TRUTA | K74: 1 | L74: 42588 | M74: =DAY(L74) -> 6 | N74: =MONTH(L74) -> 8 | O74: =YEAR(L74) -> 2016 | Q74: 380 | R74: =Q74*6 -> 2280 | U74: EMITIDO BOLETO JAN A JUN 17 | Y74: 42799 | Z74: =IF($Y74=0,"",DAY($Y74)) -> 5 | AA74: =IF($Y74=0,"",MONTH($Y74)) -> 3 | AB74: =IF($Y74=0,"",YEAR($Y74)) -> 2017
A75: ALESSANDRA ALVES PEREIRA DUARTE | B75: 521694463 | C75: 348965238-06 | D75: 11 9 67244322 | E75: RUA TUPANACI 311 | F75: VILA GUMERCINDO | G75: SÃO PAULO | H75: 04131-020 | I75: alemist.21@hotmail.com | J75: RUSTY E ROLLIE | K75: 2 | L75: 42560 | M75: =DAY(L75) -> 9 | N75: =MONTH(L75) -> 7 | O75: =YEAR(L75) -> 2016 | Q75: 820 | R75: =760*6 -> 4560 | U75: EMITIDO BOLETO JAN A JUN 17 | Y75: 42833 | Z75: =IF($Y75=0,"",DAY($Y75)) -> 8 | AA75: =IF($Y75=0,"",MONTH($Y75)) -> 4 | AB75: =IF($Y75=0,"",YEAR($Y75)) -> 2017
A76: PATRICIA BENETATI CAPUANO BERNARDES | B76: 25478335 | C76: 205401078-24 | D76: 11 9 6364-8761 | E76: RUA ALESSANDRO ALBERTI, 236 TORRE 01 APTO 62 | F76: JARDIM CELESTE | G76: SÃO PAULO | H76: 04195-130 | I76: pattybene@ig.com.br | J76: PIT | K76: 1 | L76: 42600 | M76: =DAY(L76) -> 18 | N76: =MONTH(L76) -> 8 | O76: =YEAR(L76) -> 2016 | Q76: 380 | R76: =Q76*6 -> 2280 | U76: EMITIDO BOLETO JAN A JUN 17 | Y76: 42840 | Z76: =IF($Y76=0,"",DAY($Y76)) -> 15 | AA76: =IF($Y76=0,"",MONTH($Y76)) -> 4 | AB76: =IF($Y76=0,"",YEAR($Y76)) -> 2017
A77: PAULO RENATO BATISTA ALEXANDRE | B77: 55169007 | C77: 836.537.407-20 | D77: 11 2769-3572 | E77: AV. JANDIRA, 79 BLOCÃO A APTO 24 | F77: MOEMA | G77: SÃO PAULO | H77: 04080-007 | I77: paulorenatoba@yahoo.com | J77: CONCA | K77: 1 | L77: 42393 | M77: =DAY(L77) -> 24 | N77: =MONTH(L77) -> 1 | O77: =YEAR(L77) -> 2016 | Q77: 480 | R77: =Q77*6 -> 2880 | U77: EMITIDO BOLETO JAN A JUN 17 | Y77: 42847 | Z77: =IF($Y77=0,"",DAY($Y77)) -> 22 | AA77: =IF($Y77=0,"",MONTH($Y77)) -> 4 | AB77: =IF($Y77=0,"",YEAR($Y77)) -> 2017
A78: JOSÉ GABRIEL N DE ASSIS | B78: 317631042 | C78: 014.083.634-96 | D78: 11 9 8240-6708 | E78: RUA DOUTOR NOGUEIRA MARTINS 634 APTO 24 | F78: SAÚDE | G78: SÃO PAULO | H78: 04143-020 | I78: cmsassis@hotmail.com | J78: THOR | K78: 1 | L78: 42790 | M78: =DAY(L78) -> 24 | N78: =MONTH(L78) -> 2 | O78: =YEAR(L78) -> 2017 | Q78: 480 | R78: =Q78*4 -> 1920 | U78: EMITIDO BOLETO MAR A JUN 17 | Y78: 42851 | Z78: =IF($Y78=0,"",DAY($Y78)) -> 26 | AA78: =IF($Y78=0,"",MONTH($Y78)) -> 4 | AB78: =IF($Y78=0,"",YEAR($Y78)) -> 2017
A79: ANDREA CRISTINA MONTEIRO MALTA | B79: 234077190 | C79: 158.105.098-43 | D79: 1134558722 | E79: RUA ITAPIMIRUM, 915 APTO 132A | F79: VILA ANDRADE | G79: SÃO PAULO | H79: 05716-090 | I79: andreacmmalta@gmail.com | J79: BOLT | K79: 1 | L79: 42673 | M79: =DAY(L79) -> 30 | N79: =MONTH(L79) -> 10 | O79: =YEAR(L79) -> 2016 | Q79: 480 | R79: =Q79*6 -> 2880 | U79: EMITIDO BOLETO JAN A JUN 17 | Y79: 42886 | Z79: =IF($Y79=0,"",DAY($Y79)) -> 31 | AA79: =IF($Y79=0,"",MONTH($Y79)) -> 5 | AB79: =IF($Y79=0,"",YEAR($Y79)) -> 2017
A80: MANUEL FERREIRA DA MATA SOARES POVOAS | B80: 23120795 | C80: 076.921.198-48 | D80: 11 9 8115-8844 | E80: RUA TOMÁS CARVALHAL 728 APTO 410 | F80: PARAISO | G80: SÃO PAULO | H80: 04006-002 | I80: povoas.manuel@gmail.com | J80: FLOQUINHO | K80: 1 | L80: 42803 | M80: =DAY(L80) -> 9 | N80: =MONTH(L80) -> 3 | O80: =YEAR(L80) -> 2017 | Q80: 480 | R80: =2*Q80 -> 960 | T80: POR 03 MESES | U80: EMITIDO BOLETO DE ABR A MAI17 | Y80: 42835 | Z80: =IF($Y80=0,"",DAY($Y80)) -> 10 | AA80: =IF($Y80=0,"",MONTH($Y80)) -> 4 | AB80: =IF($Y80=0,"",YEAR($Y80)) -> 2017
A81: APARECIDA DONZETTI HENRIQUES | B81: 21485976 | C81: 144.209.678-03 | D81: 11 3251-4725 | E81: AV. PAULISTA, 671 APTO 707 | F81: CERQUEIRA CESAR | G81: SÃO PAULO | H81: 01311-100 | I81: terapeuta.com@hotmail.com | J81: SACHA E JOSUÉ | K81: 2 | L81: 42816 | M81: =DAY(L81) -> 22 | N81: =MONTH(L81) -> 3 | O81: =YEAR(L81) -> 2017 | Q81: 912 | R81: =3*Q81 -> 2736 | U81: EMITIDO BOLETO ABR A JUN17 | X81: COMPRA NOSSA RAÇÃO GOLDEN | Y81: 42892 | Z81: =IF($Y81=0,"",DAY($Y81)) -> 6 | AA81: =IF($Y81=0,"",MONTH($Y81)) -> 6 | AB81: =IF($Y81=0,"",YEAR($Y81)) -> 2017
A82: FERNANDO CORDELLI COAN | B82: 293318682 | C82: 194495388-40 | D82: 11 97995-1010 | E82: RUA AGOSTINHO DE QUEIROZ 28 | F82: VILA IPOJUCA | G82: SÃO PAULO | H82: 05057-070 | I82: fccoan@gmail.com | J82: TOKO | K82: 1 | L82: 42586 | M82: =DAY(L82) -> 4 | N82: =MONTH(L82) -> 8 | O82: =YEAR(L82) -> 2016 | Q82: 410 | R82: =Q82*6 -> 2460 | T82: DDA | Y82: 42891 | Z82: =IF($Y82=0,"",DAY($Y82)) -> 5 | AA82: =IF($Y82=0,"",MONTH($Y82)) -> 6 | AB82: =IF($Y82=0,"",YEAR($Y82)) -> 2017
A83: KATE NORMAN SOUSA CORREA | B83: 300232445 | C83: 249.555.338-92 | D83: 112674-0066 | E83: RUA CACAQUERA N° 800 CASA 02 | F83: VILA ANTONINA | G83: SÃO PAULO | H83: 03412-030 | I83: katecorrea@bol.com.br | J83: BALOTELLI | K83: 1 | L83: 42900 | M83: =DAY(L83) -> 14 | N83: =MONTH(L83) -> 6 | O83: =YEAR(L83) -> 2017 | Q83: 480 | Y83: 42907 | Z83: =IF($Y83=0,"",DAY($Y83)) -> 21 | AA83: =IF($Y83=0,"",MONTH($Y83)) -> 6 | AB83: =IF($Y83=0,"",YEAR($Y83)) -> 2017
A84: EMILY CHRISTINE MIRANDA DE ALMEIDA | B84: 37.655.902-0 | C84: 436.242.378-88 | D84: 11 999607084 | E84: RUA FLORINEIA 234 | F84: JARDIM SÃO PAULO | G84: SÃO PAULO | H84: 02334-050 | I84: emykka@gmail.com/jl.almeida01@gmail.com | J84: BOMMIE | K84: 1 | L84: 42791 | M84: =DAY(L84) -> 25 | N84: =MONTH(L84) -> 2 | O84: =YEAR(L84) -> 2017 | Q84: 480 | R84: =Q84*4 -> 1920 | U84: EMITIDO BOLETO MAR A JUN 17 | Y84: 42919 | Z84: =IF($Y84=0,"",DAY($Y84)) -> 3 | AA84: =IF($Y84=0,"",MONTH($Y84)) -> 7 | AB84: =IF($Y84=0,"",YEAR($Y84)) -> 2017
A85: ELIANE SILVEIRA FRANCO | B85: 8.277.080-3 | C85: 022880048-00 | D85: 11 9 7497-3809 | E85: RUA AYRES DA MATA MACHADO FILHO N° 115 | F85: SANTANA | G85: SÃO PAULO | H85: 02013-008 | I85: elianesilveirafranco@gmail.com | J85: BANZÉ | K85: 1 | L85: 42913 | M85: =DAY(L85) -> 27 | N85: =MONTH(L85) -> 6 | O85: =YEAR(L85) -> 2017 | Q85: 480 | R85: =Q85*6 -> 2880 | Y85: 42926 | Z85: =IF($Y85=0,"",DAY($Y85)) -> 10 | AA85: =IF($Y85=0,"",MONTH($Y85)) -> 7 | AB85: =IF($Y85=0,"",YEAR($Y85)) -> 2017
A86: ESTEVAM MAGALHÃES DE FREITAS | B86: 37.743.217-9 | C86: 427.739.078-17 | D86: 11 3569-1123 | E86: RUA HUMAITA, 349 APTO 24 | F86: BELA VISTA | G86: SÃO PAULO | H86: 01321-010 | I86: estevam.mag@gmail.com | J86: THEO | K86: 1 | L86: 42851 | M86: =DAY(L86) -> 26 | N86: =MONTH(L86) -> 4 | O86: =YEAR(L86) -> 2017 | Q86: 450 | R86: =Q86*6 -> 2700 | T86: POR 03 MESES JÁ PAGO | U86: PAGO ATÉ JULHO - PAGAR EM 26/07 | Y86: 42944 | Z86: =IF($Y86=0,"",DAY($Y86)) -> 28 | AA86: =IF($Y86=0,"",MONTH($Y86)) -> 7 | AB86: =IF($Y86=0,"",YEAR($Y86)) -> 2017
A87: MARIANA GIL FURLANETTI | B87: 25.483.331-7 | C87: 368.771.618-07 | D87: 11 981794783 | E87: AVENIDA NOVE DE JULHO 3239 APTO 76 | F87: JARDIM PAULISTA | G87: SÃO PAULO | H87: 01407-200 | I87: marianam_gil@hotmail.com | J87: LUCY | K87: 1 | L87: 42745 | M87: =DAY(L87) -> 10 | N87: =MONTH(L87) -> 1 | O87: =YEAR(L87) -> 2017 | Q87: 480 | R87: =Q87*6 -> 2880 | U87: EMITIDO BOLETO JUL A DEZ17 | X87: FORNECE GOLDEN | Y87: 42944 | Z87: =IF($Y87=0,"",DAY($Y87)) -> 28 | AA87: =IF($Y87=0,"",MONTH($Y87)) -> 7 | AB87: =IF($Y87=0,"",YEAR($Y87)) -> 2017
A88: CRISTIANE MARIA BENVENUTO ANDRADE | B88: 1082912809 | C88: 764168520-04 | D88: 11 9 7598-7766 | E88: RUA MANOEL JACINTO, 932 BLC 10 APTO 101 | F88: VILA MORSE | G88: SÃO PAULO | H88: 05624-001 | I88: cristianebenvenuto@hotmail.com | J88: CINDY | K88: 1 | L88: 42713 | M88: =DAY(L88) -> 9 | N88: =MONTH(L88) -> 12 | O88: =YEAR(L88) -> 2016 | Q88: 480 | R88: =Q88*6 -> 2880 | U88: EMITIDO BOLETO JUL A DEZ17 | Y88: 42956 | Z88: =IF($Y88=0,"",DAY($Y88)) -> 9 | AA88: =IF($Y88=0,"",MONTH($Y88)) -> 8 | AB88: =IF($Y88=0,"",YEAR($Y88)) -> 2017
A89: TANIA MARIA DE OLIVEIRA MOREIRA | B89: 12300161-4 | C89: 168.896.788-50 | D89: 112035-7972 | E89: RUA DONA CECILIA SANTANA 72 APTO 52 | F89: VILA GRANADA | G89: SÃO PAULO | H89: 03622-010 | I89: tanniamoreira@hotmail.com | J89: JADE | K89: 1 | L89: 42802 | M89: =DAY(L89) -> 8 | N89: =MONTH(L89) -> 3 | O89: =YEAR(L89) -> 2017 | Q89: 480 | R89: =Q89*6 -> 2880 | U89: EMITIDO BOLETO JUL A DEZ17 | Y89: 42973 | Z89: =IF($Y89=0,"",DAY($Y89)) -> 26 | AA89: =IF($Y89=0,"",MONTH($Y89)) -> 8 | AB89: =IF($Y89=0,"",YEAR($Y89)) -> 2017
A90: JESSICA CAROLINE BRITTO DA SILVA | B90: 485195732 | C90: 403.114.898-42 | D90: 11 95550-1642 | E90: RUA ROLANDO CURTI 301 BLC 3 APTO 11 | F90: VILA SANTA MARGARIDA | G90: SÃO PAULO | H90: 04414-000 | I90: carolineb10@hotmail.com | J90: PANDORA | K90: 1 | L90: 42665 | M90: =DAY(L90) -> 22 | N90: =MONTH(L90) -> 10 | O90: =YEAR(L90) -> 2016 | Q90: 480 | R90: =Q90*6 -> 2880 | U90: EMITIDO BOLETO DE JUL A DEZ 17 | Y90: 42991 | Z90: =IF($Y90=0,"",DAY($Y90)) -> 13 | AA90: =IF($Y90=0,"",MONTH($Y90)) -> 9 | AB90: =IF($Y90=0,"",YEAR($Y90)) -> 2017
A91: PAULO FORTUNATO | B91: 32494309 | C91: 303.523.628-39 | D91: 22 98509772 | E91: RUA SALMA 510 PARQUE SÃO JORGE | F91: PARQUE SÃO JORGE | G91: COTIA | H91: 06708-090 | I91: p-fortunato@hotmail.com | J91: ALI | K91: 1 | L91: 42631 | M91: =DAY(L91) -> 18 | N91: =MONTH(L91) -> 9 | O91: =YEAR(L91) -> 2016 | Q91: 380 | R91: =Q91*6 -> 2280 | U91: EMITIDO BOLETO JUL A DEZ 17 | Y91: 43008 | Z91: =IF($Y91=0,"",DAY($Y91)) -> 30 | AA91: =IF($Y91=0,"",MONTH($Y91)) -> 9 | AB91: =IF($Y91=0,"",YEAR($Y91)) -> 2017
A92: CRISTINA NAVARRO BARON | B92: 162230187 | C92: 087.125.328-35 | D92: 11 2918-2473 | E92: RUA DANIEL MIRABELO 130 CASA 29 | F92: VILA EMA | G92: SÃO PAULO | H92: 03275-008 | I92: cristinabaron@vivointernetdiscada.com.br | J92: MUSTAFFÁ | K92: 1 | L92: 42928 | M92: =DAY(L92) -> 12 | N92: =MONTH(L92) -> 7 | O92: =YEAR(L92) -> 2017 | Q92: 480 | R92: =Q92*5 -> 2400 | U92: EMITIDO BOLETO JUL A DEZ17 | Y92: 43084 | Z92: =IF($Y92=0,"",DAY($Y92)) -> 15 | AA92: =IF($Y92=0,"",MONTH($Y92)) -> 12 | AB92: =IF($Y92=0,"",YEAR($Y92)) -> 2017
A93: FABIANA SIKULA DA SILVA | B93: 47.738.489-4 | C93: 292.534.268-02 | D93: 11 2574-8479 | E93: Rua dos democratas, 445 ap 91 edificio san remo | F93: vila monte alegre | G93: SÃO PAULO | H93: 04305-000 | I93: emaildasikula@gmail.com | J93: SNOW | K93: 1 | L93: 42954 | M93: =DAY(L93) -> 7 | N93: =MONTH(L93) -> 8 | O93: =YEAR(L93) -> 2017 | Q93: 480 | R93: =Q93*4 -> 1920 | U93: EMITIDO BOLETO DE SET A DEZ 17 | Y93: 43079 | Z93: =IF($Y93=0,"",DAY($Y93)) -> 10 | AA93: =IF($Y93=0,"",MONTH($Y93)) -> 12 | AB93: =IF($Y93=0,"",YEAR($Y93)) -> 2017
A94: DANIELA LEITE NUNES | B94: 45.008.412-7 | C94: 383.938.468-03 | D94: 11 4166-8503 | E94: RUA URUANA, 215 CHACARA DOS JUNQUEIRAS | F94: CARAPICUIBA | G94: SÃO PAULO | H94: 06355-480 | I94: inumes.daniela@gmail.com | J94: JOSUE, MOISES, MEG, NATANAEL | K94: 4 | L94: 42870 | M94: =DAY(L94) -> 15 | N94: =MONTH(L94) -> 5 | O94: =YEAR(L94) -> 2017 | Q94: 2795.75 | R94: =Q94*6 -> 16774.5 | U94: EMITIDO BOLETO JUL A DEZ 17 | Y94: 43085 | Z94: =IF($Y94=0,"",DAY($Y94)) -> 16 | AA94: =IF($Y94=0,"",MONTH($Y94)) -> 12 | AB94: =IF($Y94=0,"",YEAR($Y94)) -> 2017
A95: WEVERTON LUIS CORREIA DE OLIVEIRA | B95: 36.576.451-6 | C95: 389.020.748-03 | D95: 11 2052-1205 | E95: RUA RUBENS HENRIQUE PICCHI 311 BLC 08 APTO C34 | F95: PARQUE CECAP | G95: GUARULHOS | H95: 07190-907 | I95: weverton.oliver07@gmail.com | J95: BORYS | K95: 1 | L95: 42978 | M95: =DAY(L95) -> 31 | N95: =MONTH(L95) -> 8 | O95: =YEAR(L95) -> 2017 | Q95: 450 | R95: =Q95*4 -> 1800 | U95: EMITIDO BOLETO DE SET A DEZ 17 | X95: COM RAÇÃO NERO | Y95: 43089 | Z95: =IF($Y95=0,"",DAY($Y95)) -> 20 | AA95: =IF($Y95=0,"",MONTH($Y95)) -> 12 | AB95: =IF($Y95=0,"",YEAR($Y95)) -> 2017
A96: JOAO VICENTE PEREYRA JUNIOR | B96: 50321879 | C96: 015.913.440-42 | D96: 11998007855 | E96: AVENIDA SEN VERGUEIRO, 608 BLC 03 PLANTEON APTO 172 | F96: CENTRO | G96: SÃO BERNARDO DO CAMPO | H96: 09750-000 | I96: joaor66@gmail.com | J96: DARTANHA | K96: 1 | L96: 43000 | M96: =DAY(L96) -> 22 | N96: =MONTH(L96) -> 9 | O96: =YEAR(L96) -> 2017 | Q96: 480 | R96: =Q96*3 -> 1440 | T96: DDA | U96: EMITIDO BOLETO DE OUT A DEZ 17 | X96: COMPRA NOSSA RAÇÃO | Y96: 43091 | Z96: =IF($Y96=0,"",DAY($Y96)) -> 22 | AA96: =IF($Y96=0,"",MONTH($Y96)) -> 12 | AB96: =IF($Y96=0,"",YEAR($Y96)) -> 2017
A97: AGLAI DIAS DE MACEDO SOARES | B97: 22433281 | C97: 117.874.958-41 | D97: 11 34592438 | E97: RUA DR. BARROS CRUZ, 33 APTO 14 B | F97: VILA MARIANA | G97: SÃO PAULO | H97: 04118-130 | I97: aglaisoares@hotmail.com | J97: CACAU | K97: 1 | L97: 43012 | M97: =DAY(L97) -> 4 | N97: =MONTH(L97) -> 10 | O97: =YEAR(L97) -> 2017 | Q97: 480 | R97: =2*Q97 -> 960 | Y97: 43038 | Z97: =IF($Y97=0,"",DAY($Y97)) -> 30 | AA97: =IF($Y97=0,"",MONTH($Y97)) -> 10 | AB97: =IF($Y97=0,"",YEAR($Y97)) -> 2017
A98: FERNANDO CORDELLI COAN | B98: 293318682 | C98: 194495388-40 | D98: 11 97995-1010 | E98: RUA AGOSTINHO DE QUEIROZ 28 | F98: VILA IPOJUCA | G98: SÃO PAULO | H98: 05057-070 | I98: fccoan@gmail.com | J98: TOKO | K98: 1 | L98: 42951 | M98: =DAY(L98) -> 4 | N98: =MONTH(L98) -> 8 | O98: =YEAR(L98) -> 2017 | Q98: 480 | R98: =Q98*6 -> 2880 | T98: DDA | Y98: 43104 | Z98: =IF($Y98=0,"",DAY($Y98)) -> 4 | AA98: =IF($Y98=0,"",MONTH($Y98)) -> 1 | AB98: =IF($Y98=0,"",YEAR($Y98)) -> 2018
A99: MARISA DE SOUZA SIQUEIRA | B99: 15923756 | C99: 055798348-70 | D99: 11 3824-0005 | E99: RUA DOUTOR SERGIO MEIRA N° 230 APTO 81 - BL. 2 | F99: BARRA FUNDA | G99: São Paulo | H99: 01153-010 | I99: massj@uol.com.br | J99: NINA | K99: 1 | L99: 40480 | M99: =DAY(L99) -> 29 | N99: =MONTH(L99) -> 10 | O99: =YEAR(L99) -> 2010 | P99: 1064 | Q99: 666.35 | R99: =Q99*6 -> 3998.1 | Y99: 43118 | Z99: =IF($Y99=0,"",DAY($Y99)) -> 18 | AA99: =IF($Y99=0,"",MONTH($Y99)) -> 1 | AB99: =IF($Y99=0,"",YEAR($Y99)) -> 2018
A100: ANDRÉ GEORGE GRUNGLASSE | B100: 33087354 | C100: 35567704828 | D100: 11 9 9941-8877 | E100: ALAMEDA MINISTRO ROCHA DE AZEVEDO 545 APTO 61 | F100: CERQUEIRA CESAR | G100: São Paulo | H100: 01410-001 | I100: andregrun69@hotmail.com | J100: KURA | K100: 1 | L100: 43048 | M100: =DAY(L100) -> 9 | N100: =MONTH(L100) -> 11 | O100: =YEAR(L100) -> 2017 | Q100: 480 | U100: EMITIDO JAN | Y100: 43141 | Z100: =IF($Y100=0,"",DAY($Y100)) -> 10 | AA100: =IF($Y100=0,"",MONTH($Y100)) -> 2 | AB100: =IF($Y100=0,"",YEAR($Y100)) -> 2018
...

Sheet Total de cães por mês
A3: Ano | C3: Jan | D3: Fev | E3: Mar | F3: Abr | G3: Mai | H3: Jun | I3: Jul | J3: Ago | K3: Set | L3: Out | M3: Nov | N3: Dez | O3: TOTAL
C4: 1 | D4: 2 | E4: 3 | F4: 4 | G4: 5 | H4: 6 | I4: 7 | J4: 8 | K4: 9 | L4: 10 | M4: 11 | N4: 12
A5: 2010 | C5: =SUMIFS(Lista!$K:$K,Lista!$O:$O,$A5,Lista!$N:$N,C$4)+SUMIFS('Ex residentes'!$K:$K,'Ex residentes'!$O:$O,$A5,'Ex residentes'!$N:$N,C$4) -> 0 | D5: =SUMIFS(Lista!$K:$K,Lista!$O:$O,$A5,Lista!$N:$N,D$4)+SUMIFS('Ex residentes'!$K:$K,'Ex residentes'!$O:$O,$A5,'Ex residentes'!$N:$N,D$4) -> 0 | E5: =SUMIFS(Lista!$K:$K,Lista!$O:$O,$A5,Lista!$N:$N,E$4)+SUMIFS('Ex residentes'!$K:$K,'Ex residentes'!$O:$O,$A5,'Ex residentes'!$N:$N,E$4) -> 0 | F5: =SUMIFS(Lista!$K:$K,Lista!$O:$O,$A5,Lista!$N:$N,F$4)+SUMIFS('Ex residentes'!$K:$K,'Ex residentes'!$O:$O,$A5,'Ex residentes'!$N:$N,F$4) -> 0 | G5: =SUMIFS(Lista!$K:$K,Lista!$O:$O,$A5,Lista!$N:$N,G$4)+SUMIFS('Ex residentes'!$K:$K,'Ex residentes'!$O:$O,$A5,'Ex residentes'!$N:$N,G$4) -> 0 | H5: =SUMIFS(Lista!$K:$K,Lista!$O:$O,$A5,Lista!$N:$N,H$4)+SUMIFS('Ex residentes'!$K:$K,'Ex residentes'!$O:$O,$A5,'Ex residentes'!$N:$N,H$4) -> 0 | I5: =SUMIFS(Lista!$K:$K,Lista!$O:$O,$A5,Lista!$N:$N,I$4)+SUMIFS('Ex residentes'!$K:$K,'Ex residentes'!$O:$O,$A5,'Ex residentes'!$N:$N,I$4) -> 0 | J5: =SUMIFS(Lista!$K:$K,Lista!$O:$O,$A5,Lista!$N:$N,J$4)+SUMIFS('Ex residentes'!$K:$K,'Ex residentes'!$O:$O,$A5,'Ex residentes'!$N:$N,J$4) -> 0 | ... N5: =SUMIFS(Lista!$K:$K,Lista!$O:$O,$A5,Lista!$N:$N,N$4)+SUMIFS('Ex residentes'!$K:$K,'Ex residentes'!$O:$O,$A5,'Ex residentes'!$N:$N,N$4) -> 0 | O5: =SUM(C5:N5) -> 7
A6: 2011 | C6: =SUMIFS(Lista!$K:$K,Lista!$O:$O,$A6,Lista!$N:$N,C$4)+SUMIFS('Ex residentes'!$K:$K,'Ex residentes'!$O:$O,$A6,'Ex residentes'!$N:$N,C$4) -> 1 | D6: =SUMIFS(Lista!$K:$K,Lista!$O:$O,$A6,Lista!$N:$N,D$4)+SUMIFS('Ex residentes'!$K:$K,'Ex residentes'!$O:$O,$A6,'Ex residentes'!$N:$N,D$4) -> 0 | E6: =SUMIFS(Lista!$K:$K,Lista!$O:$O,$A6,Lista!$N:$N,E$4)+SUMIFS('Ex residentes'!$K:$K,'Ex residentes'!$O:$O,$A6,'Ex residentes'!$N:$N,E$4) -> 0 | F6: =SUMIFS(Lista!$K:$K,Lista!$O:$O,$A6,Lista!$N:$N,F$4)+SUMIFS('Ex residentes'!$K:$K,'Ex residentes'!$O:$O,$A6,'Ex residentes'!$N:$N,F$4) -> 0 | G6: =SUMIFS(Lista!$K:$K,Lista!$O:$O,$A6,Lista!$N:$N,G$4)+SUMIFS('Ex residentes'!$K:$K,'Ex residentes'!$O:$O,$A6,'Ex residentes'!$N:$N,G$4) -> 1 | H6: =SUMIFS(Lista!$K:$K,Lista!$O:$O,$A6,Lista!$N:$N,H$4)+SUMIFS('Ex residentes'!$K:$K,'Ex residentes'!$O:$O,$A6,'Ex residentes'!$N:$N,H$4) -> 2 | I6: =SUMIFS(Lista!$K:$K,Lista!$O:$O,$A6,Lista!$N:$N,I$4)+SUMIFS('Ex residentes'!$K:$K,'Ex residentes'!$O:$O,$A6,'Ex residentes'!$N:$N,I$4) -> 0 | J6: =SUMIFS(Lista!$K:$K,Lista!$O:$O,$A6,Lista!$N:$N,J$4)+SUMIFS('Ex residentes'!$K:$K,'Ex residentes'!$O:$O,$A6,'Ex residentes'!$N:$N,J$4) -> 0 | ... N6: =SUMIFS(Lista!$K:$K,Lista!$O:$O,$A6,Lista!$N:$N,N$4)+SUMIFS('Ex residentes'!$K:$K,'Ex residentes'!$O:$O,$A6,'Ex residentes'!$N:$N,N$4) -> 0 | O6: =SUM(C6:N6) -> 5
A7: 2012 | C7: =SUMIFS(Lista!$K:$K,Lista!$O:$O,$A7,Lista!$N:$N,C$4)+SUMIFS('Ex residentes'!$K:$K,'Ex residentes'!$O:$O,$A7,'Ex residentes'!$N:$N,C$4) -> 1 | D7: =SUMIFS(Lista!$K:$K,Lista!$O:$O,$A7,Lista!$N:$N,D$4)+SUMIFS('Ex residentes'!$K:$K,'Ex residentes'!$O:$O,$A7,'Ex residentes'!$N:$N,D$4) -> 1 | E7: =SUMIFS(Lista!$K:$K,Lista!$O:$O,$A7,Lista!$N:$N,E$4)+SUMIFS('Ex residentes'!$K:$K,'Ex residentes'!$O:$O,$A7,'Ex residentes'!$N:$N,E$4) -> 1 | F7: =SUMIFS(Lista!$K:$K,Lista!$O:$O,$A7,Lista!$N:$N,F$4)+SUMIFS('Ex residentes'!$K:$K,'Ex residentes'!$O:$O,$A7,'Ex residentes'!$N:$N,F$4) -> 2 | G7: =SUMIFS(Lista!$K:$K,Lista!$O:$O,$A7,Lista!$N:$N,G$4)+SUMIFS('Ex residentes'!$K:$K,'Ex residentes'!$O:$O,$A7,'Ex residentes'!$N:$N,G$4) -> 0 | H7: =SUMIFS(Lista!$K:$K,Lista!$O:$O,$A7,Lista!$N:$N,H$4)+SUMIFS('Ex residentes'!$K:$K,'Ex residentes'!$O:$O,$A7,'Ex residentes'!$N:$N,H$4) -> 2 | I7: =SUMIFS(Lista!$K:$K,Lista!$O:$O,$A7,Lista!$N:$N,I$4)+SUMIFS('Ex residentes'!$K:$K,'Ex residentes'!$O:$O,$A7,'Ex residentes'!$N:$N,I$4) -> 0 | J7: =SUMIFS(Lista!$K:$K,Lista!$O:$O,$A7,Lista!$N:$N,J$4)+SUMIFS('Ex residentes'!$K:$K,'Ex residentes'!$O:$O,$A7,'Ex residentes'!$N:$N,J$4) -> 0 | ... N7: =SUMIFS(Lista!$K:$K,Lista!$O:$O,$A7,Lista!$N:$N,N$4)+SUMIFS('Ex residentes'!$K:$K,'Ex residentes'!$O:$O,$A7,'Ex residentes'!$N:$N,N$4) -> 3 | O7: =SUM(C7:N7) -> 12
A8: 2013 | C8: =SUMIFS(Lista!$K:$K,Lista!$O:$O,$A8,Lista!$N:$N,C$4)+SUMIFS('Ex residentes'!$K:$K,'Ex residentes'!$O:$O,$A8,'Ex residentes'!$N:$N,C$4) -> 1 | D8: =SUMIFS(Lista!$K:$K,Lista!$O:$O,$A8,Lista!$N:$N,D$4)+SUMIFS('Ex residentes'!$K:$K,'Ex residentes'!$O:$O,$A8,'Ex residentes'!$N:$N,D$4) -> 1 | E8: =SUMIFS(Lista!$K:$K,Lista!$O:$O,$A8,Lista!$N:$N,E$4)+SUMIFS('Ex residentes'!$K:$K,'Ex residentes'!$O:$O,$A8,'Ex residentes'!$N:$N,E$4) -> 0 | F8: =SUMIFS(Lista!$K:$K,Lista!$O:$O,$A8,Lista!$N:$N,F$4)+SUMIFS('Ex residentes'!$K:$K,'Ex residentes'!$O:$O,$A8,'Ex residentes'!$N:$N,F$4) -> 0 | G8: =SUMIFS(Lista!$K:$K,Lista!$O:$O,$A8,Lista!$N:$N,G$4)+SUMIFS('Ex residentes'!$K:$K,'Ex residentes'!$O:$O,$A8,'Ex residentes'!$N:$N,G$4) -> 0 | H8: =SUMIFS(Lista!$K:$K,Lista!$O:$O,$A8,Lista!$N:$N,H$4)+SUMIFS('Ex residentes'!$K:$K,'Ex residentes'!$O:$O,$A8,'Ex residentes'!$N:$N,H$4) -> 0 | I8: =SUMIFS(Lista!$K:$K,Lista!$O:$O,$A8,Lista!$N:$N,I$4)+SUMIFS('Ex residentes'!$K:$K,'Ex residentes'!$O:$O,$A8,'Ex residentes'!$N:$N,I$4) -> 1 | J8: =SUMIFS(Lista!$K:$K,Lista!$O:$O,$A8,Lista!$N:$N,J$4)+SUMIFS('Ex residentes'!$K:$K,'Ex residentes'!$O:$O,$A8,'Ex residentes'!$N:$N,J$4) -> 1 | ... N8: =SUMIFS(Lista!$K:$K,Lista!$O:$O,$A8,Lista!$N:$N,N$4)+SUMIFS('Ex residentes'!$K:$K,'Ex residentes'!$O:$O,$A8,'Ex residentes'!$N:$N,N$4) -> 0 | O8: =SUM(C8:N8) -> 6
A9: 2014 | C9: =SUMIFS(Lista!$K:$K,Lista!$O:$O,$A9,Lista!$N:$N,C$4)+SUMIFS('Ex residentes'!$K:$K,'Ex residentes'!$O:$O,$A9,'Ex residentes'!$N:$N,C$4) -> 0 | D9: =SUMIFS(Lista!$K:$K,Lista!$O:$O,$A9,Lista!$N:$N,D$4)+SUMIFS('Ex residentes'!$K:$K,'Ex residentes'!$O:$O,$A9,'Ex residentes'!$N:$N,D$4) -> 1 | E9: =SUMIFS(Lista!$K:$K,Lista!$O:$O,$A9,Lista!$N:$N,E$4)+SUMIFS('Ex residentes'!$K:$K,'Ex residentes'!$O:$O,$A9,'Ex residentes'!$N:$N,E$4) -> 1 | F9: =SUMIFS(Lista!$K:$K,Lista!$O:$O,$A9,Lista!$N:$N,F$4)+SUMIFS('Ex residentes'!$K:$K,'Ex residentes'!$O:$O,$A9,'Ex residentes'!$N:$N,F$4) -> 8 | G9: =SUMIFS(Lista!$K:$K,Lista!$O:$O,$A9,Lista!$N:$N,G$4)+SUMIFS('Ex residentes'!$K:$K,'Ex residentes'!$O:$O,$A9,'Ex residentes'!$N:$N,G$4) -> 2 | H9: =SUMIFS(Lista!$K:$K,Lista!$O:$O,$A9,Lista!$N:$N,H$4)+SUMIFS('Ex residentes'!$K:$K,'Ex residentes'!$O:$O,$A9,'Ex residentes'!$N:$N,H$4) -> 0 | I9: =SUMIFS(Lista!$K:$K,Lista!$O:$O,$A9,Lista!$N:$N,I$4)+SUMIFS('Ex residentes'!$K:$K,'Ex residentes'!$O:$O,$A9,'Ex residentes'!$N:$N,I$4) -> 3 | J9: =SUMIFS(Lista!$K:$K,Lista!$O:$O,$A9,Lista!$N:$N,J$4)+SUMIFS('Ex residentes'!$K:$K,'Ex residentes'!$O:$O,$A9,'Ex residentes'!$N:$N,J$4) -> 6 | ... N9: =SUMIFS(Lista!$K:$K,Lista!$O:$O,$A9,Lista!$N:$N,N$4)+SUMIFS('Ex residentes'!$K:$K,'Ex residentes'!$O:$O,$A9,'Ex residentes'!$N:$N,N$4) -> 0 | O9: =SUM(C9:N9) -> 27
A10: 2015 | C10: =SUMIFS(Lista!$K:$K,Lista!$O:$O,$A10,Lista!$N:$N,C$4)+SUMIFS('Ex residentes'!$K:$K,'Ex residentes'!$O:$O,$A10,'Ex residentes'!$N:$N,C$4) -> 2 | D10: =SUMIFS(Lista!$K:$K,Lista!$O:$O,$A10,Lista!$N:$N,D$4)+SUMIFS('Ex residentes'!$K:$K,'Ex residentes'!$O:$O,$A10,'Ex residentes'!$N:$N,D$4) -> 2 | E10: =SUMIFS(Lista!$K:$K,Lista!$O:$O,$A10,Lista!$N:$N,E$4)+SUMIFS('Ex residentes'!$K:$K,'Ex residentes'!$O:$O,$A10,'Ex residentes'!$N:$N,E$4) -> 2 | F10: =SUMIFS(Lista!$K:$K,Lista!$O:$O,$A10,Lista!$N:$N,F$4)+SUMIFS('Ex residentes'!$K:$K,'Ex residentes'!$O:$O,$A10,'Ex residentes'!$N:$N,F$4) -> 4 | G10: =SUMIFS(Lista!$K:$K,Lista!$O:$O,$A10,Lista!$N:$N,G$4)+SUMIFS('Ex residentes'!$K:$K,'Ex residentes'!$O:$O,$A10,'Ex residentes'!$N:$N,G$4) -> 2 | H10: =SUMIFS(Lista!$K:$K,Lista!$O:$O,$A10,Lista!$N:$N,H$4)+SUMIFS('Ex residentes'!$K:$K,'Ex residentes'!$O:$O,$A10,'Ex residentes'!$N:$N,H$4) -> 2 | I10: =SUMIFS(Lista!$K:$K,Lista!$O:$O,$A10,Lista!$N:$N,I$4)+SUMIFS('Ex residentes'!$K:$K,'Ex residentes'!$O:$O,$A10,'Ex residentes'!$N:$N,I$4) -> 1 | J10: =SUMIFS(Lista!$K:$K,Lista!$O:$O,$A10,Lista!$N:$N,J$4)+SUMIFS('Ex residentes'!$K:$K,'Ex residentes'!$O:$O,$A10,'Ex residentes'!$N:$N,J$4) -> 2 | ... N10: =SUMIFS(Lista!$K:$K,Lista!$O:$O,$A10,Lista!$N:$N,N$4)+SUMIFS('Ex residentes'!$K:$K,'Ex residentes'!$O:$O,$A10,'Ex residentes'!$N:$N,N$4) -> 0 | O10: =SUM(C10:N10) -> 26
A11: 2016 | C11: =SUMIFS(Lista!$K:$K,Lista!$O:$O,$A11,Lista!$N:$N,C$4)+SUMIFS('Ex residentes'!$K:$K,'Ex residentes'!$O:$O,$A11,'Ex residentes'!$N:$N,C$4) -> 11 | D11: =SUMIFS(Lista!$K:$K,Lista!$O:$O,$A11,Lista!$N:$N,D$4)+SUMIFS('Ex residentes'!$K:$K,'Ex residentes'!$O:$O,$A11,'Ex residentes'!$N:$N,D$4) -> 6 | E11: =SUMIFS(Lista!$K:$K,Lista!$O:$O,$A11,Lista!$N:$N,E$4)+SUMIFS('Ex residentes'!$K:$K,'Ex residentes'!$O:$O,$A11,'Ex residentes'!$N:$N,E$4) -> 4 | F11: =SUMIFS(Lista!$K:$K,Lista!$O:$O,$A11,Lista!$N:$N,F$4)+SUMIFS('Ex residentes'!$K:$K,'Ex residentes'!$O:$O,$A11,'Ex residentes'!$N:$N,F$4) -> 1 | G11: =SUMIFS(Lista!$K:$K,Lista!$O:$O,$A11,Lista!$N:$N,G$4)+SUMIFS('Ex residentes'!$K:$K,'Ex residentes'!$O:$O,$A11,'Ex residentes'!$N:$N,G$4) -> 1 | H11: =SUMIFS(Lista!$K:$K,Lista!$O:$O,$A11,Lista!$N:$N,H$4)+SUMIFS('Ex residentes'!$K:$K,'Ex residentes'!$O:$O,$A11,'Ex residentes'!$N:$N,H$4) -> 1 | I11: =SUMIFS(Lista!$K:$K,Lista!$O:$O,$A11,Lista!$N:$N,I$4)+SUMIFS('Ex residentes'!$K:$K,'Ex residentes'!$O:$O,$A11,'Ex residentes'!$N:$N,I$4) -> 8 | J11: =SUMIFS(Lista!$K:$K,Lista!$O:$O,$A11,Lista!$N:$N,J$4)+SUMIFS('Ex residentes'!$K:$K,'Ex residentes'!$O:$O,$A11,'Ex residentes'!$N:$N,J$4) -> 7 | ... N11: =SUMIFS(Lista!$K:$K,Lista!$O:$O,$A11,Lista!$N:$N,N$4)+SUMIFS('Ex residentes'!$K:$K,'Ex residentes'!$O:$O,$A11,'Ex residentes'!$N:$N,N$4) -> 2 | O11: =SUM(C11:N11)+1 -> 51 | P11: Média
A12: 2017 | B12: Entrada | C12: =SUMIFS(Lista!$K:$K,Lista!$O:$O,$A12,Lista!$N:$N,C$4)+SUMIFS('Ex residentes'!$K:$K,'Ex residentes'!$O:$O,$A12,'Ex residentes'!$N:$N,C$4) -> 2 | D12: =SUMIFS(Lista!$K:$K,Lista!$O:$O,$A12,Lista!$N:$N,D$4)+SUMIFS('Ex residentes'!$K:$K,'Ex residentes'!$O:$O,$A12,'Ex residentes'!$N:$N,D$4) -> 3 | E12: =SUMIFS(Lista!$K:$K,Lista!$O:$O,$A12,Lista!$N:$N,E$4)+SUMIFS('Ex residentes'!$K:$K,'Ex residentes'!$O:$O,$A12,'Ex residentes'!$N:$N,E$4) -> 5 | F12: =SUMIFS(Lista!$K:$K,Lista!$O:$O,$A12,Lista!$N:$N,F$4)+SUMIFS('Ex residentes'!$K:$K,'Ex residentes'!$O:$O,$A12,'Ex residentes'!$N:$N,F$4) -> 1 | G12: =SUMIFS(Lista!$K:$K,Lista!$O:$O,$A12,Lista!$N:$N,G$4)+SUMIFS('Ex residentes'!$K:$K,'Ex residentes'!$O:$O,$A12,'Ex residentes'!$N:$N,G$4) -> 5 | H12: =SUMIFS(Lista!$K:$K,Lista!$O:$O,$A12,Lista!$N:$N,H$4)+SUMIFS('Ex residentes'!$K:$K,'Ex residentes'!$O:$O,$A12,'Ex residentes'!$N:$N,H$4) -> 2 | I12: =SUMIFS(Lista!$K:$K,Lista!$O:$O,$A12,Lista!$N:$N,I$4)+SUMIFS('Ex residentes'!$K:$K,'Ex residentes'!$O:$O,$A12,'Ex residentes'!$N:$N,I$4) -> 2 | J12: =SUMIFS(Lista!$K:$K,Lista!$O:$O,$A12,Lista!$N:$N,J$4)+SUMIFS('Ex residentes'!$K:$K,'Ex residentes'!$O:$O,$A12,'Ex residentes'!$N:$N,J$4) -> 6 | ... N12: =SUMIFS(Lista!$K:$K,Lista!$O:$O,$A12,Lista!$N:$N,N$4)+SUMIFS('Ex residentes'!$K:$K,'Ex residentes'!$O:$O,$A12,'Ex residentes'!$N:$N,N$4) -> 0 | O12: =SUM(C12:N12) -> 37 | P12: =AVERAGE(C12:N12) -> 3.0833333
B13: Saída | C13: =SUMIFS('Ex residentes'!$K:$K,'Ex residentes'!$AB:$AB,$A12,'Ex residentes'!$AA:$AA,C$4) -> 7 | D13: =SUMIFS('Ex residentes'!$K:$K,'Ex residentes'!$AB:$AB,$A12,'Ex residentes'!$AA:$AA,D$4) -> 1 | E13: =SUMIFS('Ex residentes'!$K:$K,'Ex residentes'!$AB:$AB,$A12,'Ex residentes'!$AA:$AA,E$4) -> 1 | F13: =SUMIFS('Ex residentes'!$K:$K,'Ex residentes'!$AB:$AB,$A12,'Ex residentes'!$AA:$AA,F$4) -> 6 | G13: =SUMIFS('Ex residentes'!$K:$K,'Ex residentes'!$AB:$AB,$A12,'Ex residentes'!$AA:$AA,G$4) -> 1 | H13: =SUMIFS('Ex residentes'!$K:$K,'Ex residentes'!$AB:$AB,$A12,'Ex residentes'!$AA:$AA,H$4) -> 4 | I13: =SUMIFS('Ex residentes'!$K:$K,'Ex residentes'!$AB:$AB,$A12,'Ex residentes'!$AA:$AA,I$4) -> 4 | J13: =SUMIFS('Ex residentes'!$K:$K,'Ex residentes'!$AB:$AB,$A12,'Ex residentes'!$AA:$AA,J$4) -> 2 | ... N13: =SUMIFS('Ex residentes'!$K:$K,'Ex residentes'!$AB:$AB,$A12,'Ex residentes'!$AA:$AA,N$4) -> 8 | O13: =SUM(C13:N13) -> 37 | P13: =AVERAGE(C13:N13) -> 3.0833333
B14: Total de cães | C14: =O11 -> 51 | D14: =C14+D12-D13 -> 53 | E14: =D14+E12-E13 -> 57 | F14: =E14+F12-F13 -> 52 | G14: =F14+G12-G13 -> 56 | H14: =G14+H12-H13 -> 54 | I14: =H14+I12-I13 -> 52 | J14: =I14+J12-J13 -> 56 | K14: =J14+K12-K13 -> 57 | ... N14: =M14+N12-N13 -> 56 | O14: =O12-O13 -> 0 | P14: =AVERAGE(C14:N14) -> 55.583333
A15: 2018 | B15: Entrada | C15: =SUMIFS(Lista!$K:$K,Lista!$O:$O,$A15,Lista!$N:$N,C$4)+SUMIFS('Ex residentes'!$K:$K,'Ex residentes'!$O:$O,$A15,'Ex residentes'!$N:$N,C$4) -> 6 | D15: =SUMIFS(Lista!$K:$K,Lista!$O:$O,$A15,Lista!$N:$N,D$4)+SUMIFS('Ex residentes'!$K:$K,'Ex residentes'!$O:$O,$A15,'Ex residentes'!$N:$N,D$4) -> 3 | E15: =SUMIFS(Lista!$K:$K,Lista!$O:$O,$A15,Lista!$N:$N,E$4)+SUMIFS('Ex residentes'!$K:$K,'Ex residentes'!$O:$O,$A15,'Ex residentes'!$N:$N,E$4) -> 2 | F15: =SUMIFS(Lista!$K:$K,Lista!$O:$O,$A15,Lista!$N:$N,F$4)+SUMIFS('Ex residentes'!$K:$K,'Ex residentes'!$O:$O,$A15,'Ex residentes'!$N:$N,F$4) -> 2 | G15: =SUMIFS(Lista!$K:$K,Lista!$O:$O,$A15,Lista!$N:$N,G$4)+SUMIFS('Ex residentes'!$K:$K,'Ex residentes'!$O:$O,$A15,'Ex residentes'!$N:$N,G$4) -> 2 | H15: =SUMIFS(Lista!$K:$K,Lista!$O:$O,$A15,Lista!$N:$N,H$4)+SUMIFS('Ex residentes'!$K:$K,'Ex residentes'!$O:$O,$A15,'Ex residentes'!$N:$N,H$4) -> 2 | I15: =SUMIFS(Lista!$K:$K,Lista!$O:$O,$A15,Lista!$N:$N,I$4)+SUMIFS('Ex residentes'!$K:$K,'Ex residentes'!$O:$O,$A15,'Ex residentes'!$N:$N,I$4) -> 2 | J15: =SUMIFS(Lista!$K:$K,Lista!$O:$O,$A15,Lista!$N:$N,J$4)+SUMIFS('Ex residentes'!$K:$K,'Ex residentes'!$O:$O,$A15,'Ex residentes'!$N:$N,J$4) -> 3 | ... N15: =SUMIFS(Lista!$K:$K,Lista!$O:$O,$A15,Lista!$N:$N,N$4)+SUMIFS('Ex residentes'!$K:$K,'Ex residentes'!$O:$O,$A15,'Ex residentes'!$N:$N,N$4) -> 1 | O15: =SUM(C15:N15) -> 34 | P15: =AVERAGE(C15:N15) -> 2.8333333
B16: Saída | C16: =SUMIFS('Ex residentes'!$K:$K,'Ex residentes'!$AB:$AB,$A15,'Ex residentes'!$AA:$AA,C$4) -> 2 | D16: =SUMIFS('Ex residentes'!$K:$K,'Ex residentes'!$AB:$AB,$A15,'Ex residentes'!$AA:$AA,D$4) -> 4 | E16: =SUMIFS('Ex residentes'!$K:$K,'Ex residentes'!$AB:$AB,$A15,'Ex residentes'!$AA:$AA,E$4) -> 1 | F16: =SUMIFS('Ex residentes'!$K:$K,'Ex residentes'!$AB:$AB,$A15,'Ex residentes'!$AA:$AA,F$4) -> 3 | G16: =SUMIFS('Ex residentes'!$K:$K,'Ex residentes'!$AB:$AB,$A15,'Ex residentes'!$AA:$AA,G$4) -> 1 | H16: =SUMIFS('Ex residentes'!$K:$K,'Ex residentes'!$AB:$AB,$A15,'Ex residentes'!$AA:$AA,H$4) -> 6 | I16: =SUMIFS('Ex residentes'!$K:$K,'Ex residentes'!$AB:$AB,$A15,'Ex residentes'!$AA:$AA,I$4) -> 2 | J16: =SUMIFS('Ex residentes'!$K:$K,'Ex residentes'!$AB:$AB,$A15,'Ex residentes'!$AA:$AA,J$4) -> 1 | ... N16: =SUMIFS('Ex residentes'!$K:$K,'Ex residentes'!$AB:$AB,$A15,'Ex residentes'!$AA:$AA,N$4) -> 2 | O16: =SUM(C16:N16) -> 30 | P16: =AVERAGE(C16:N16) -> 2.5
B17: Total de cães | C17: =N14+C15-C16 -> 60 | D17: =C17+D15-D16 -> 59 | E17: =D17+E15-E16 -> 60 | F17: =E17+F15-F16 -> 59 | G17: =F17+G15-G16 -> 60 | H17: =G17+H15-H16 -> 56 | I17: =H17+I15-I16 -> 56 | J17: =I17+J15-J16 -> 58 | K17: =J17+K15-K16 -> 58 | ... N17: =M17+N15-N16 -> 60 | O17: =O15-O16 -> 4 | P17: =AVERAGE(C17:N17) -> 58.75 | Q17: =P17/P14 -1 -> 0.056971514
A18: 2019 | B18: Entrada | C18: =SUMIFS(Lista!$K:$K,Lista!$O:$O,$A18,Lista!$N:$N,C$4)+SUMIFS('Ex residentes'!$K:$K,'Ex residentes'!$O:$O,$A18,'Ex residentes'!$N:$N,C$4) -> 0 | D18: =SUMIFS(Lista!$K:$K,Lista!$O:$O,$A18,Lista!$N:$N,D$4)+SUMIFS('Ex residentes'!$K:$K,'Ex residentes'!$O:$O,$A18,'Ex residentes'!$N:$N,D$4) -> 2 | E18: =SUMIFS(Lista!$K:$K,Lista!$O:$O,$A18,Lista!$N:$N,E$4)+SUMIFS('Ex residentes'!$K:$K,'Ex residentes'!$O:$O,$A18,'Ex residentes'!$N:$N,E$4) -> 6 | F18: =SUMIFS(Lista!$K:$K,Lista!$O:$O,$A18,Lista!$N:$N,F$4)+SUMIFS('Ex residentes'!$K:$K,'Ex residentes'!$O:$O,$A18,'Ex residentes'!$N:$N,F$4) -> 2 | G18: =SUMIFS(Lista!$K:$K,Lista!$O:$O,$A18,Lista!$N:$N,G$4)+SUMIFS('Ex residentes'!$K:$K,'Ex residentes'!$O:$O,$A18,'Ex residentes'!$N:$N,G$4) -> 0 | H18: =SUMIFS(Lista!$K:$K,Lista!$O:$O,$A18,Lista!$N:$N,H$4)+SUMIFS('Ex residentes'!$K:$K,'Ex residentes'!$O:$O,$A18,'Ex residentes'!$N:$N,H$4) -> 0 | I18: =SUMIFS(Lista!$K:$K,Lista!$O:$O,$A18,Lista!$N:$N,I$4)+SUMIFS('Ex residentes'!$K:$K,'Ex residentes'!$O:$O,$A18,'Ex residentes'!$N:$N,I$4) -> 2 | J18: =SUMIFS(Lista!$K:$K,Lista!$O:$O,$A18,Lista!$N:$N,J$4)+SUMIFS('Ex residentes'!$K:$K,'Ex residentes'!$O:$O,$A18,'Ex residentes'!$N:$N,J$4) -> 1 | ... N18: =SUMIFS(Lista!$K:$K,Lista!$O:$O,$A18,Lista!$N:$N,N$4)+SUMIFS('Ex residentes'!$K:$K,'Ex residentes'!$O:$O,$A18,'Ex residentes'!$N:$N,N$4) -> 9 | O18: =SUM(C18:N18) -> 32 | P18: =AVERAGE(C18:N18) -> 2.6666667
B19: Saída | C19: =SUMIFS('Ex residentes'!$K:$K,'Ex residentes'!$AB:$AB,$A18,'Ex residentes'!$AA:$AA,C$4) -> 3 | D19: =SUMIFS('Ex residentes'!$K:$K,'Ex residentes'!$AB:$AB,$A18,'Ex residentes'!$AA:$AA,D$4) -> 2 | E19: =SUMIFS('Ex residentes'!$K:$K,'Ex residentes'!$AB:$AB,$A18,'Ex residentes'!$AA:$AA,E$4) -> 3 | F19: =SUMIFS('Ex residentes'!$K:$K,'Ex residentes'!$AB:$AB,$A18,'Ex residentes'!$AA:$AA,F$4) -> 2 | G19: =SUMIFS('Ex residentes'!$K:$K,'Ex residentes'!$AB:$AB,$A18,'Ex residentes'!$AA:$AA,G$4) -> 2 | H19: =SUMIFS('Ex residentes'!$K:$K,'Ex residentes'!$AB:$AB,$A18,'Ex residentes'!$AA:$AA,H$4) -> 2 | I19: =SUMIFS('Ex residentes'!$K:$K,'Ex residentes'!$AB:$AB,$A18,'Ex residentes'!$AA:$AA,I$4) -> 8 | J19: =SUMIFS('Ex residentes'!$K:$K,'Ex residentes'!$AB:$AB,$A18,'Ex residentes'!$AA:$AA,J$4) -> 3 | ... N19: =SUMIFS('Ex residentes'!$K:$K,'Ex residentes'!$AB:$AB,$A18,'Ex residentes'!$AA:$AA,N$4) -> 0 | O19: =SUM(C19:N19) -> 29 | P19: =AVERAGE(C19:N19) -> 2.4166667
B20: Total de cães | C20: =N17+C18-C19 -> 57 | D20: =C20+D18-D19 -> 57 | E20: =D20+E18-E19 -> 60 | F20: =E20+F18-F19 -> 60 | G20: =F20+G18-G19 -> 58 | H20: =G20+H18-H19 -> 56 | I20: =H20+I18-I19 -> 50 | J20: =I20+J18-J19 -> 48 | K20: =J20+K18-K19 -> 51 | ... N20: =M20+N18-N19 -> 63 | O20: =O18-O19 -> 3 | P20: =AVERAGE(C20:N20) -> 55.25 | Q20: =P20/P17 -1 -> -0.059574468
A21: 2020 | B21: Entrada | C21: =SUMIFS(Lista!$K:$K,Lista!$O:$O,$A21,Lista!$N:$N,C$4)+SUMIFS('Ex residentes'!$K:$K,'Ex residentes'!$O:$O,$A21,'Ex residentes'!$N:$N,C$4) -> 4 | D21: =SUMIFS(Lista!$K:$K,Lista!$O:$O,$A21,Lista!$N:$N,D$4)+SUMIFS('Ex residentes'!$K:$K,'Ex residentes'!$O:$O,$A21,'Ex residentes'!$N:$N,D$4) -> 1 | E21: =SUMIFS(Lista!$K:$K,Lista!$O:$O,$A21,Lista!$N:$N,E$4)+SUMIFS('Ex residentes'!$K:$K,'Ex residentes'!$O:$O,$A21,'Ex residentes'!$N:$N,E$4) -> 1 | F21: =SUMIFS(Lista!$K:$K,Lista!$O:$O,$A21,Lista!$N:$N,F$4)+SUMIFS('Ex residentes'!$K:$K,'Ex residentes'!$O:$O,$A21,'Ex residentes'!$N:$N,F$4) -> 2 | G21: =SUMIFS(Lista!$K:$K,Lista!$O:$O,$A21,Lista!$N:$N,G$4)+SUMIFS('Ex residentes'!$K:$K,'Ex residentes'!$O:$O,$A21,'Ex residentes'!$N:$N,G$4) -> 7 | H21: =SUMIFS(Lista!$K:$K,Lista!$O:$O,$A21,Lista!$N:$N,H$4)+SUMIFS('Ex residentes'!$K:$K,'Ex residentes'!$O:$O,$A21,'Ex residentes'!$N:$N,H$4) -> 1 | I21: =SUMIFS(Lista!$K:$K,Lista!$O:$O,$A21,Lista!$N:$N,I$4)+SUMIFS('Ex residentes'!$K:$K,'Ex residentes'!$O:$O,$A21,'Ex residentes'!$N:$N,I$4) -> 1 | J21: =SUMIFS(Lista!$K:$K,Lista!$O:$O,$A21,Lista!$N:$N,J$4)+SUMIFS('Ex residentes'!$K:$K,'Ex residentes'!$O:$O,$A21,'Ex residentes'!$N:$N,J$4) -> 0 | ... N21: =SUMIFS(Lista!$K:$K,Lista!$O:$O,$A21,Lista!$N:$N,N$4)+SUMIFS('Ex residentes'!$K:$K,'Ex residentes'!$O:$O,$A21,'Ex residentes'!$N:$N,N$4) -> 9 | O21: =SUM(C21:N21) -> 39 | P21: =AVERAGE(C21:N21) -> 3.25
B22: Saída | C22: =SUMIFS('Ex residentes'!$K:$K,'Ex residentes'!$AB:$AB,$A21,'Ex residentes'!$AA:$AA,C$4) -> 3 | D22: =SUMIFS('Ex residentes'!$K:$K,'Ex residentes'!$AB:$AB,$A21,'Ex residentes'!$AA:$AA,D$4) -> 4 | E22: =SUMIFS('Ex residentes'!$K:$K,'Ex residentes'!$AB:$AB,$A21,'Ex residentes'!$AA:$AA,E$4) -> 5 | F22: =SUMIFS('Ex residentes'!$K:$K,'Ex residentes'!$AB:$AB,$A21,'Ex residentes'!$AA:$AA,F$4) -> 0 | G22: =SUMIFS('Ex residentes'!$K:$K,'Ex residentes'!$AB:$AB,$A21,'Ex residentes'!$AA:$AA,G$4) -> 3 | H22: =SUMIFS('Ex residentes'!$K:$K,'Ex residentes'!$AB:$AB,$A21,'Ex residentes'!$AA:$AA,H$4) -> 4 | I22: =SUMIFS('Ex residentes'!$K:$K,'Ex residentes'!$AB:$AB,$A21,'Ex residentes'!$AA:$AA,I$4) -> 0 | J22: =SUMIFS('Ex residentes'!$K:$K,'Ex residentes'!$AB:$AB,$A21,'Ex residentes'!$AA:$AA,J$4) -> 3 | ... N22: =SUMIFS('Ex residentes'!$K:$K,'Ex residentes'!$AB:$AB,$A21,'Ex residentes'!$AA:$AA,N$4) -> 6 | O22: =SUM(C22:N22) -> 34 | P22: =AVERAGE(C22:N22) -> 2.8333333
B23: Total de cães | C23: =N20+C21-C22 -> 64 | D23: =C23+D21-D22 -> 61 | E23: =D23+E21-E22 -> 57 | F23: =E23+F21-F22 -> 59 | G23: =F23+G21-G22 -> 63 | H23: =G23+H21-H22 -> 60 | I23: =H23+I21-I22 -> 61 | J23: =I23+J21-J22 -> 58 | K23: =J23+K21-K22 -> 58 | ... N23: =M23+N21-N22 -> 68 | O23: =O21-O22 -> 5 | P23: =AVERAGE(C23:N23) -> 61.25 | Q23: =P23/P20 -1 -> 0.10859729
A24: 2021 | B24: Entrada | C24: =SUMIFS(Lista!$K:$K,Lista!$O:$O,$A24,Lista!$N:$N,C$4)+SUMIFS('Ex residentes'!$K:$K,'Ex residentes'!$O:$O,$A24,'Ex residentes'!$N:$N,C$4) -> 5 | D24: =SUMIFS(Lista!$K:$K,Lista!$O:$O,$A24,Lista!$N:$N,D$4)+SUMIFS('Ex residentes'!$K:$K,'Ex residentes'!$O:$O,$A24,'Ex residentes'!$N:$N,D$4) -> 1 | E24: =SUMIFS(Lista!$K:$K,Lista!$O:$O,$A24,Lista!$N:$N,E$4)+SUMIFS('Ex residentes'!$K:$K,'Ex residentes'!$O:$O,$A24,'Ex residentes'!$N:$N,E$4) -> 3 | F24: =SUMIFS(Lista!$K:$K,Lista!$O:$O,$A24,Lista!$N:$N,F$4)+SUMIFS('Ex residentes'!$K:$K,'Ex residentes'!$O:$O,$A24,'Ex residentes'!$N:$N,F$4) -> 5 | G24: =SUMIFS(Lista!$K:$K,Lista!$O:$O,$A24,Lista!$N:$N,G$4)+SUMIFS('Ex residentes'!$K:$K,'Ex residentes'!$O:$O,$A24,'Ex residentes'!$N:$N,G$4) -> 5 | H24: =SUMIFS(Lista!$K:$K,Lista!$O:$O,$A24,Lista!$N:$N,H$4)+SUMIFS('Ex residentes'!$K:$K,'Ex residentes'!$O:$O,$A24,'Ex residentes'!$N:$N,H$4) -> 2 | I24: =SUMIFS(Lista!$K:$K,Lista!$O:$O,$A24,Lista!$N:$N,I$4)+SUMIFS('Ex residentes'!$K:$K,'Ex residentes'!$O:$O,$A24,'Ex residentes'!$N:$N,I$4) -> 2 | J24: =SUMIFS(Lista!$K:$K,Lista!$O:$O,$A24,Lista!$N:$N,J$4)+SUMIFS('Ex residentes'!$K:$K,'Ex residentes'!$O:$O,$A24,'Ex residentes'!$N:$N,J$4) -> 6 | ... N24: =SUMIFS(Lista!$K:$K,Lista!$O:$O,$A24,Lista!$N:$N,N$4)+SUMIFS('Ex residentes'!$K:$K,'Ex residentes'!$O:$O,$A24,'Ex residentes'!$N:$N,N$4) -> 5 | O24: =SUM(C24:N24) -> 44 | P24: =AVERAGE(C24:N24) -> 3.6666667
B25: Saída | C25: =SUMIFS('Ex residentes'!$K:$K,'Ex residentes'!$AB:$AB,$A24,'Ex residentes'!$AA:$AA,C$4) -> 0 | D25: =SUMIFS('Ex residentes'!$K:$K,'Ex residentes'!$AB:$AB,$A24,'Ex residentes'!$AA:$AA,D$4) -> 3 | E25: =SUMIFS('Ex residentes'!$K:$K,'Ex residentes'!$AB:$AB,$A24,'Ex residentes'!$AA:$AA,E$4) -> 3 | F25: =SUMIFS('Ex residentes'!$K:$K,'Ex residentes'!$AB:$AB,$A24,'Ex residentes'!$AA:$AA,F$4) -> 1 | G25: =SUMIFS('Ex residentes'!$K:$K,'Ex residentes'!$AB:$AB,$A24,'Ex residentes'!$AA:$AA,G$4) -> 5 | H25: =SUMIFS('Ex residentes'!$K:$K,'Ex residentes'!$AB:$AB,$A24,'Ex residentes'!$AA:$AA,H$4) -> 3 | I25: =SUMIFS('Ex residentes'!$K:$K,'Ex residentes'!$AB:$AB,$A24,'Ex residentes'!$AA:$AA,I$4) -> 3 | J25: =SUMIFS('Ex residentes'!$K:$K,'Ex residentes'!$AB:$AB,$A24,'Ex residentes'!$AA:$AA,J$4) -> 1 | ... N25: =SUMIFS('Ex residentes'!$K:$K,'Ex residentes'!$AB:$AB,$A24,'Ex residentes'!$AA:$AA,N$4) -> 4 | O25: =SUM(C25:N25) -> 32 | P25: =AVERAGE(C25:N25) -> 2.6666667
B26: Total de cães | C26: =N23+C24-C25 -> 73 | D26: =C26+D24-D25 -> 71 | E26: =D26+E24-E25 -> 71 | F26: =E26+F24-F25 -> 75 | G26: =F26+G24-G25 -> 75 | H26: =G26+H24-H25 -> 74 | I26: =H26+I24-I25 -> 73 | J26: =I26+J24-J25 -> 78 | K26: =J26+K24-K25 -> 77 | ... N26: =M26+N24-N25 -> 80 | O26: =O24-O25 -> 12 | P26: =AVERAGE(C26:N26) -> 75.5 | Q26: =P26/P23 -1 -> 0.23265306
A27: 2022 | B27: Entrada | C27: =SUMIFS(Lista!$K:$K,Lista!$O:$O,$A27,Lista!$N:$N,C$4)+SUMIFS('Ex residentes'!$K:$K,'Ex residentes'!$O:$O,$A27,'Ex residentes'!$N:$N,C$4) -> 2 | D27: =SUMIFS(Lista!$K:$K,Lista!$O:$O,$A27,Lista!$N:$N,D$4)+SUMIFS('Ex residentes'!$K:$K,'Ex residentes'!$O:$O,$A27,'Ex residentes'!$N:$N,D$4) -> 2 | E27: =SUMIFS(Lista!$K:$K,Lista!$O:$O,$A27,Lista!$N:$N,E$4)+SUMIFS('Ex residentes'!$K:$K,'Ex residentes'!$O:$O,$A27,'Ex residentes'!$N:$N,E$4) -> 6 | F27: =SUMIFS(Lista!$K:$K,Lista!$O:$O,$A27,Lista!$N:$N,F$4)+SUMIFS('Ex residentes'!$K:$K,'Ex residentes'!$O:$O,$A27,'Ex residentes'!$N:$N,F$4) -> 4 | G27: =SUMIFS(Lista!$K:$K,Lista!$O:$O,$A27,Lista!$N:$N,G$4)+SUMIFS('Ex residentes'!$K:$K,'Ex residentes'!$O:$O,$A27,'Ex residentes'!$N:$N,G$4) -> 3 | H27: =SUMIFS(Lista!$K:$K,Lista!$O:$O,$A27,Lista!$N:$N,H$4)+SUMIFS('Ex residentes'!$K:$K,'Ex residentes'!$O:$O,$A27,'Ex residentes'!$N:$N,H$4) -> 4 | I27: =SUMIFS(Lista!$K:$K,Lista!$O:$O,$A27,Lista!$N:$N,I$4)+SUMIFS('Ex residentes'!$K:$K,'Ex residentes'!$O:$O,$A27,'Ex residentes'!$N:$N,I$4) -> 3 | J27: =SUMIFS(Lista!$K:$K,Lista!$O:$O,$A27,Lista!$N:$N,J$4)+SUMIFS('Ex residentes'!$K:$K,'Ex residentes'!$O:$O,$A27,'Ex residentes'!$N:$N,J$4) -> 3 | ... N27: =SUMIFS(Lista!$K:$K,Lista!$O:$O,$A27,Lista!$N:$N,N$4)+SUMIFS('Ex residentes'!$K:$K,'Ex residentes'!$O:$O,$A27,'Ex residentes'!$N:$N,N$4) -> 4 | O27: =SUM(C27:N27) -> 46 | P27: =AVERAGE(C27:N27) -> 3.8333333
B28: Saída | C28: =SUMIFS('Ex residentes'!$K:$K,'Ex residentes'!$AB:$AB,$A27,'Ex residentes'!$AA:$AA,C$4) -> 3 | D28: =SUMIFS('Ex residentes'!$K:$K,'Ex residentes'!$AB:$AB,$A27,'Ex residentes'!$AA:$AA,D$4) -> 2 | E28: =SUMIFS('Ex residentes'!$K:$K,'Ex residentes'!$AB:$AB,$A27,'Ex residentes'!$AA:$AA,E$4) -> 2 | F28: =SUMIFS('Ex residentes'!$K:$K,'Ex residentes'!$AB:$AB,$A27,'Ex residentes'!$AA:$AA,F$4) -> 5 | G28: =SUMIFS('Ex residentes'!$K:$K,'Ex residentes'!$AB:$AB,$A27,'Ex residentes'!$AA:$AA,G$4) -> 2 | H28: =SUMIFS('Ex residentes'!$K:$K,'Ex residentes'!$AB:$AB,$A27,'Ex residentes'!$AA:$AA,H$4) -> 0 | I28: =SUMIFS('Ex residentes'!$K:$K,'Ex residentes'!$AB:$AB,$A27,'Ex residentes'!$AA:$AA,I$4) -> 1 | J28: =SUMIFS('Ex residentes'!$K:$K,'Ex residentes'!$AB:$AB,$A27,'Ex residentes'!$AA:$AA,J$4) -> 5 | ... N28: =SUMIFS('Ex residentes'!$K:$K,'Ex residentes'!$AB:$AB,$A27,'Ex residentes'!$AA:$AA,N$4) -> 4 | O28: =SUM(C28:N28) -> 29 | P28: =AVERAGE(C28:N28) -> 2.4166667
B29: Total de cães | C29: =N26+C27-C28 -> 79 | D29: =C29+D27-D28 -> 79 | E29: =D29+E27-E28 -> 83 | F29: =E29+F27-F28 -> 82 | G29: =F29+G27-G28 -> 83 | H29: =G29+H27-H28 -> 87 | I29: =H29+I27-I28 -> 89 | J29: =I29+J27-J28 -> 87 | K29: =J29+K27-K28 -> 94 | ... N29: =M29+N27-N28 -> 97 | O29: =O27-O28 -> 17 | P29: =AVERAGE(C29:N29) -> 87.416667 | Q29: =P29/P26 -1 -> 0.15783664
A30: 2023 | B30: Entrada | C30: =SUMIFS(Lista!$K:$K,Lista!$O:$O,$A30,Lista!$N:$N,C$4)+SUMIFS('Ex residentes'!$K:$K,'Ex residentes'!$O:$O,$A30,'Ex residentes'!$N:$N,C$4) -> 1 | D30: =SUMIFS(Lista!$K:$K,Lista!$O:$O,$A30,Lista!$N:$N,D$4)+SUMIFS('Ex residentes'!$K:$K,'Ex residentes'!$O:$O,$A30,'Ex residentes'!$N:$N,D$4) -> 2 | E30: =SUMIFS(Lista!$K:$K,Lista!$O:$O,$A30,Lista!$N:$N,E$4)+SUMIFS('Ex residentes'!$K:$K,'Ex residentes'!$O:$O,$A30,'Ex residentes'!$N:$N,E$4) -> 1 | F30: =SUMIFS(Lista!$K:$K,Lista!$O:$O,$A30,Lista!$N:$N,F$4)+SUMIFS('Ex residentes'!$K:$K,'Ex residentes'!$O:$O,$A30,'Ex residentes'!$N:$N,F$4) -> 3 | G30: =SUMIFS(Lista!$K:$K,Lista!$O:$O,$A30,Lista!$N:$N,G$4)+SUMIFS('Ex residentes'!$K:$K,'Ex residentes'!$O:$O,$A30,'Ex residentes'!$N:$N,G$4) -> 0 | H30: =SUMIFS(Lista!$K:$K,Lista!$O:$O,$A30,Lista!$N:$N,H$4)+SUMIFS('Ex residentes'!$K:$K,'Ex residentes'!$O:$O,$A30,'Ex residentes'!$N:$N,H$4) -> 0 | I30: =SUMIFS(Lista!$K:$K,Lista!$O:$O,$A30,Lista!$N:$N,I$4)+SUMIFS('Ex residentes'!$K:$K,'Ex residentes'!$O:$O,$A30,'Ex residentes'!$N:$N,I$4) -> 1 | J30: =SUMIFS(Lista!$K:$K,Lista!$O:$O,$A30,Lista!$N:$N,J$4)+SUMIFS('Ex residentes'!$K:$K,'Ex residentes'!$O:$O,$A30,'Ex residentes'!$N:$N,J$4) -> 4 | ... N30: =SUMIFS(Lista!$K:$K,Lista!$O:$O,$A30,Lista!$N:$N,N$4)+SUMIFS('Ex residentes'!$K:$K,'Ex residentes'!$O:$O,$A30,'Ex residentes'!$N:$N,N$4) -> 3 | O30: =SUM(C30:N30) -> 20 | P30: =AVERAGE(C30:N30) -> 1.6666667
B31: Saída | C31: =SUMIFS('Ex residentes'!$K:$K,'Ex residentes'!$AB:$AB,$A30,'Ex residentes'!$AA:$AA,C$4) -> 3 | D31: =SUMIFS('Ex residentes'!$K:$K,'Ex residentes'!$AB:$AB,$A30,'Ex residentes'!$AA:$AA,D$4) -> 2 | E31: =SUMIFS('Ex residentes'!$K:$K,'Ex residentes'!$AB:$AB,$A30,'Ex residentes'!$AA:$AA,E$4) -> 1 | F31: =SUMIFS('Ex residentes'!$K:$K,'Ex residentes'!$AB:$AB,$A30,'Ex residentes'!$AA:$AA,F$4) -> 2 | G31: =SUMIFS('Ex residentes'!$K:$K,'Ex residentes'!$AB:$AB,$A30,'Ex residentes'!$AA:$AA,G$4) -> 10 | H31: =SUMIFS('Ex residentes'!$K:$K,'Ex residentes'!$AB:$AB,$A30,'Ex residentes'!$AA:$AA,H$4) -> 6 | I31: =SUMIFS('Ex residentes'!$K:$K,'Ex residentes'!$AB:$AB,$A30,'Ex residentes'!$AA:$AA,I$4) -> 2 | J31: =SUMIFS('Ex residentes'!$K:$K,'Ex residentes'!$AB:$AB,$A30,'Ex residentes'!$AA:$AA,J$4) -> 3 | ... N31: =SUMIFS('Ex residentes'!$K:$K,'Ex residentes'!$AB:$AB,$A30,'Ex residentes'!$AA:$AA,N$4) -> 3 | O31: =SUM(C31:N31) -> 44 | P31: =AVERAGE(C31:N31) -> 3.6666667
B32: Total de cães | C32: =N29+C30-C31 -> 95 | D32: =C32+D30-D31 -> 95 | E32: =D32+E30-E31 -> 95 | F32: =E32+F30-F31 -> 96 | G32: =F32+G30-G31 -> 86 | H32: =G32+H30-H31 -> 80 | I32: =H32+I30-I31 -> 79 | J32: =I32+J30-J31 -> 80 | K32: =J32+K30-K31 -> 75 | ... N32: =M32+N30-N31 -> 73 | O32: =O30-O31 -> -24 | P32: =AVERAGE(C32:N32) -> 83.583333 | Q32: =P32/P29 -1 -> -0.043851287
A33: 2024 | B33: Entrada | C33: =SUMIFS(Lista!$K:$K,Lista!$O:$O,$A33,Lista!$N:$N,C$4)+SUMIFS('Ex residentes'!$K:$K,'Ex residentes'!$O:$O,$A33,'Ex residentes'!$N:$N,C$4) -> 0 | D33: =SUMIFS(Lista!$K:$K,Lista!$O:$O,$A33,Lista!$N:$N,D$4)+SUMIFS('Ex residentes'!$K:$K,'Ex residentes'!$O:$O,$A33,'Ex residentes'!$N:$N,D$4) -> 5 | E33: =SUMIFS(Lista!$K:$K,Lista!$O:$O,$A33,Lista!$N:$N,E$4)+SUMIFS('Ex residentes'!$K:$K,'Ex residentes'!$O:$O,$A33,'Ex residentes'!$N:$N,E$4) -> 2 | F33: =SUMIFS(Lista!$K:$K,Lista!$O:$O,$A33,Lista!$N:$N,F$4)+SUMIFS('Ex residentes'!$K:$K,'Ex residentes'!$O:$O,$A33,'Ex residentes'!$N:$N,F$4) -> 0 | G33: =SUMIFS(Lista!$K:$K,Lista!$O:$O,$A33,Lista!$N:$N,G$4)+SUMIFS('Ex residentes'!$K:$K,'Ex residentes'!$O:$O,$A33,'Ex residentes'!$N:$N,G$4) -> 2 | H33: =SUMIFS(Lista!$K:$K,Lista!$O:$O,$A33,Lista!$N:$N,H$4)+SUMIFS('Ex residentes'!$K:$K,'Ex residentes'!$O:$O,$A33,'Ex residentes'!$N:$N,H$4) -> 4 | I33: =SUMIFS(Lista!$K:$K,Lista!$O:$O,$A33,Lista!$N:$N,I$4)+SUMIFS('Ex residentes'!$K:$K,'Ex residentes'!$O:$O,$A33,'Ex residentes'!$N:$N,I$4) -> 1 | J33: =SUMIFS(Lista!$K:$K,Lista!$O:$O,$A33,Lista!$N:$N,J$4)+SUMIFS('Ex residentes'!$K:$K,'Ex residentes'!$O:$O,$A33,'Ex residentes'!$N:$N,J$4) -> 4 | ... N33: =SUMIFS(Lista!$K:$K,Lista!$O:$O,$A33,Lista!$N:$N,N$4)+SUMIFS('Ex residentes'!$K:$K,'Ex residentes'!$O:$O,$A33,'Ex residentes'!$N:$N,N$4) -> 5 | O33: =SUM(C33:N33) -> 26 | P33: =AVERAGE(C33:N33) -> 2.1666667
B34: Saída | C34: =SUMIFS('Ex residentes'!$K:$K,'Ex residentes'!$AB:$AB,$A33,'Ex residentes'!$AA:$AA,C$4) -> 5 | D34: =SUMIFS('Ex residentes'!$K:$K,'Ex residentes'!$AB:$AB,$A33,'Ex residentes'!$AA:$AA,D$4) -> 2 | E34: =SUMIFS('Ex residentes'!$K:$K,'Ex residentes'!$AB:$AB,$A33,'Ex residentes'!$AA:$AA,E$4) -> 2 | F34: =SUMIFS('Ex residentes'!$K:$K,'Ex residentes'!$AB:$AB,$A33,'Ex residentes'!$AA:$AA,F$4) -> 2 | G34: =SUMIFS('Ex residentes'!$K:$K,'Ex residentes'!$AB:$AB,$A33,'Ex residentes'!$AA:$AA,G$4) -> 3 | H34: =SUMIFS('Ex residentes'!$K:$K,'Ex residentes'!$AB:$AB,$A33,'Ex residentes'!$AA:$AA,H$4) -> 3 | I34: =SUMIFS('Ex residentes'!$K:$K,'Ex residentes'!$AB:$AB,$A33,'Ex residentes'!$AA:$AA,I$4) -> 3 | J34: =SUMIFS('Ex residentes'!$K:$K,'Ex residentes'!$AB:$AB,$A33,'Ex residentes'!$AA:$AA,J$4) -> 2 | ... N34: =SUMIFS('Ex residentes'!$K:$K,'Ex residentes'!$AB:$AB,$A33,'Ex residentes'!$AA:$AA,N$4) -> 0 | O34: =SUM(C34:N34) -> 29 | P34: =AVERAGE(C34:N34) -> 2.4166667
B35: Total de cães | C35: =N32+C33-C34 -> 68 | D35: =C35+D33-D34 -> 71 | E35: =D35+E33-E34 -> 71 | F35: =E35+F33-F34 -> 69 | G35: =F35+G33-G34 -> 68 | H35: =G35+H33-H34 -> 69 | I35: =H35+I33-I34 -> 67 | J35: =I35+J33-J34 -> 69 | K35: =J35+K33-K34 -> 69 | ... N35: =M35+N33-N34 -> 70 | O35: =O33-O34 -> -3 | P35: =AVERAGE(C35:N35) -> 68.666667 | Q35: =P35/P32 -1 -> -0.17846461
A36: 2025 | B36: Entrada | C36: =SUMIFS(Lista!$K:$K,Lista!$O:$O,$A36,Lista!$N:$N,C$4)+SUMIFS('Ex residentes'!$K:$K,'Ex residentes'!$O:$O,$A36,'Ex residentes'!$N:$N,C$4) -> 3 | D36: =SUMIFS(Lista!$K:$K,Lista!$O:$O,$A36,Lista!$N:$N,D$4)+SUMIFS('Ex residentes'!$K:$K,'Ex residentes'!$O:$O,$A36,'Ex residentes'!$N:$N,D$4) -> 3 | E36: =SUMIFS(Lista!$K:$K,Lista!$O:$O,$A36,Lista!$N:$N,E$4)+SUMIFS('Ex residentes'!$K:$K,'Ex residentes'!$O:$O,$A36,'Ex residentes'!$N:$N,E$4) -> 1 | F36: =SUMIFS(Lista!$K:$K,Lista!$O:$O,$A36,Lista!$N:$N,F$4)+SUMIFS('Ex residentes'!$K:$K,'Ex residentes'!$O:$O,$A36,'Ex residentes'!$N:$N,F$4) -> 1 | G36: =SUMIFS(Lista!$K:$K,Lista!$O:$O,$A36,Lista!$N:$N,G$4)+SUMIFS('Ex residentes'!$K:$K,'Ex residentes'!$O:$O,$A36,'Ex residentes'!$N:$N,G$4) -> 4 | H36: =SUMIFS(Lista!$K:$K,Lista!$O:$O,$A36,Lista!$N:$N,H$4)+SUMIFS('Ex residentes'!$K:$K,'Ex residentes'!$O:$O,$A36,'Ex residentes'!$N:$N,H$4) -> 1 | I36: =SUMIFS(Lista!$K:$K,Lista!$O:$O,$A36,Lista!$N:$N,I$4)+SUMIFS('Ex residentes'!$K:$K,'Ex residentes'!$O:$O,$A36,'Ex residentes'!$N:$N,I$4) -> 2 | J36: =SUMIFS(Lista!$K:$K,Lista!$O:$O,$A36,Lista!$N:$N,J$4)+SUMIFS('Ex residentes'!$K:$K,'Ex residentes'!$O:$O,$A36,'Ex residentes'!$N:$N,J$4) -> 0 | ... N36: =SUMIFS(Lista!$K:$K,Lista!$O:$O,$A36,Lista!$N:$N,N$4)+SUMIFS('Ex residentes'!$K:$K,'Ex residentes'!$O:$O,$A36,'Ex residentes'!$N:$N,N$4) -> 6 | O36: =SUM(C36:N36) -> 25 | P36: =AVERAGE(C36:N36) -> 2.0833333
B37: Saída | C37: =SUMIFS('Ex residentes'!$K:$K,'Ex residentes'!$AB:$AB,$A36,'Ex residentes'!$AA:$AA,C$4) -> 3 | D37: =SUMIFS('Ex residentes'!$K:$K,'Ex residentes'!$AB:$AB,$A36,'Ex residentes'!$AA:$AA,D$4) -> 1 | E37: =SUMIFS('Ex residentes'!$K:$K,'Ex residentes'!$AB:$AB,$A36,'Ex residentes'!$AA:$AA,E$4) -> 0 | F37: =SUMIFS('Ex residentes'!$K:$K,'Ex residentes'!$AB:$AB,$A36,'Ex residentes'!$AA:$AA,F$4) -> 4 | G37: =SUMIFS('Ex residentes'!$K:$K,'Ex residentes'!$AB:$AB,$A36,'Ex residentes'!$AA:$AA,G$4) -> 2 | H37: =SUMIFS('Ex residentes'!$K:$K,'Ex residentes'!$AB:$AB,$A36,'Ex residentes'!$AA:$AA,H$4) -> 3 | I37: =SUMIFS('Ex residentes'!$K:$K,'Ex residentes'!$AB:$AB,$A36,'Ex residentes'!$AA:$AA,I$4) -> 2 | J37: =SUMIFS('Ex residentes'!$K:$K,'Ex residentes'!$AB:$AB,$A36,'Ex residentes'!$AA:$AA,J$4) -> 1 | ... N37: =SUMIFS('Ex residentes'!$K:$K,'Ex residentes'!$AB:$AB,$A36,'Ex residentes'!$AA:$AA,N$4) -> 3 | O37: =SUM(C37:N37) -> 24 | P37: =AVERAGE(C37:N37) -> 2
B38: Total de cães | C38: =N35+C36-C37 -> 70 | D38: =C38+D36-D37 -> 72 | E38: =D38+E36-E37 -> 73 | F38: =E38+F36-F37 -> 70 | G38: =F38+G36-G37 -> 72 | H38: =G38+H36-H37 -> 70 | I38: =H38+I36-I37 -> 70 | J38: =I38+J36-J37 -> 69 | K38: =J38+K36-K37 -> 68 | ... N38: =M38+N36-N37 -> 71 | O38: =O36-O37 -> 1 | P38: =AVERAGE(C38:N38) -> 70.083333 | Q38: =P38/P35 -1 -> 0.020631068
A39: 2026 | B39: Entrada | C39: =SUMIFS(Lista!$K:$K,Lista!$O:$O,$A39,Lista!$N:$N,C$4)+SUMIFS('Ex residentes'!$K:$K,'Ex residentes'!$O:$O,$A39,'Ex residentes'!$N:$N,C$4) -> 2 | D39: =SUMIFS(Lista!$K:$K,Lista!$O:$O,$A39,Lista!$N:$N,D$4)+SUMIFS('Ex residentes'!$K:$K,'Ex residentes'!$O:$O,$A39,'Ex residentes'!$N:$N,D$4) -> 2 | E39: =SUMIFS(Lista!$K:$K,Lista!$O:$O,$A39,Lista!$N:$N,E$4)+SUMIFS('Ex residentes'!$K:$K,'Ex residentes'!$O:$O,$A39,'Ex residentes'!$N:$N,E$4) -> 4 | F39: =SUMIFS(Lista!$K:$K,Lista!$O:$O,$A39,Lista!$N:$N,F$4)+SUMIFS('Ex residentes'!$K:$K,'Ex residentes'!$O:$O,$A39,'Ex residentes'!$N:$N,F$4) -> 0 | G39: =SUMIFS(Lista!$K:$K,Lista!$O:$O,$A39,Lista!$N:$N,G$4)+SUMIFS('Ex residentes'!$K:$K,'Ex residentes'!$O:$O,$A39,'Ex residentes'!$N:$N,G$4) -> 0 | H39: =SUMIFS(Lista!$K:$K,Lista!$O:$O,$A39,Lista!$N:$N,H$4)+SUMIFS('Ex residentes'!$K:$K,'Ex residentes'!$O:$O,$A39,'Ex residentes'!$N:$N,H$4) -> 0 | I39: =SUMIFS(Lista!$K:$K,Lista!$O:$O,$A39,Lista!$N:$N,I$4)+SUMIFS('Ex residentes'!$K:$K,'Ex residentes'!$O:$O,$A39,'Ex residentes'!$N:$N,I$4) -> 0 | J39: =SUMIFS(Lista!$K:$K,Lista!$O:$O,$A39,Lista!$N:$N,J$4)+SUMIFS('Ex residentes'!$K:$K,'Ex residentes'!$O:$O,$A39,'Ex residentes'!$N:$N,J$4) -> 0 | ... N39: =SUMIFS(Lista!$K:$K,Lista!$O:$O,$A39,Lista!$N:$N,N$4)+SUMIFS('Ex residentes'!$K:$K,'Ex residentes'!$O:$O,$A39,'Ex residentes'!$N:$N,N$4) -> 0 | O39: =SUM(C39:N39) -> 8 | P39: =AVERAGE(C39:N39) -> 0.66666667
B40: Saída | C40: =SUMIFS('Ex residentes'!$K:$K,'Ex residentes'!$AB:$AB,$A39,'Ex residentes'!$AA:$AA,C$4) -> 1 | D40: =SUMIFS('Ex residentes'!$K:$K,'Ex residentes'!$AB:$AB,$A39,'Ex residentes'!$AA:$AA,D$4) -> 2 | E40: =SUMIFS('Ex residentes'!$K:$K,'Ex residentes'!$AB:$AB,$A39,'Ex residentes'!$AA:$AA,E$4) -> 4 | F40: =SUMIFS('Ex residentes'!$K:$K,'Ex residentes'!$AB:$AB,$A39,'Ex residentes'!$AA:$AA,F$4) -> 1 | G40: =SUMIFS('Ex residentes'!$K:$K,'Ex residentes'!$AB:$AB,$A39,'Ex residentes'!$AA:$AA,G$4) -> 0 | H40: =SUMIFS('Ex residentes'!$K:$K,'Ex residentes'!$AB:$AB,$A39,'Ex residentes'!$AA:$AA,H$4) -> 0 | I40: =SUMIFS('Ex residentes'!$K:$K,'Ex residentes'!$AB:$AB,$A39,'Ex residentes'!$AA:$AA,I$4) -> 0 | J40: =SUMIFS('Ex residentes'!$K:$K,'Ex residentes'!$AB:$AB,$A39,'Ex residentes'!$AA:$AA,J$4) -> 0 | ... N40: =SUMIFS('Ex residentes'!$K:$K,'Ex residentes'!$AB:$AB,$A39,'Ex residentes'!$AA:$AA,N$4) -> 0 | O40: =SUM(C40:N40) -> 8 | P40: =AVERAGE(C40:N40) -> 0.66666667
B41: Total de cães | C41: =N38+C39-C40 -> 72 | D41: =C41+D39-D40 -> 72 | E41: =D41+E39-E40 -> 72 | F41: =E41+F39-F40 -> 71 | G41: =F41+G39-G40 -> 71 | H41: =G41+H39-H40 -> 71 | I41: =H41+I39-I40 -> 71 | J41: =I41+J39-J40 -> 71 | K41: =J41+K39-K40 -> 71 | ... N41: =M41+N39-N40 -> 71 | O41: =O39-O40 -> 0 | P41: =AVERAGE(C41:N41) -> 71.25 | Q41: =P41/P38 -1 -> 0.016646849
A42: 2021 | B42: 520.93 | C42: =C26*$B$42 -> 38027.89 | D42: =D26*$B$42 -> 36986.03 | E42: =E26*$B$42 -> 36986.03 | F42: =F26*$B$42 -> 39069.75 | G42: =G26*$B$42 -> 39069.75 | H42: =H26*$B$42 -> 38548.82 | I42: =I26*$B$42 -> 38027.89 | J42: =J26*$B$42 -> 40632.54 | ... N42: =N26*$B$42 -> 41674.4
A43: 2022 | B43: 600 | C43: =C29*$B$43 -> 47400 | D43: =D29*$B$43 -> 47400 | E43: =E29*$B$43 -> 49800 | F43: =F29*$B$43 -> 49200 | G43: =G29*$B$43 -> 49800 | H43: =H29*$B$43 -> 52200 | I43: =I29*$B$43 -> 53400 | J43: =J29*$B$43 -> 52200 | ... N43: =N29*$B$43 -> 58200
A44: 2023 | B44: 600 | C44: =C32*$B$44 -> 57000 | D44: =D32*$B$44 -> 57000 | E44: =E32*$B$44 -> 57000 | F44: =F32*$B$44 -> 57600 | G44: =G32*$B$44 -> 51600 | H44: =H32*$B$44 -> 48000 | I44: =I32*$B$44 -> 47400 | J44: =J32*$B$44 -> 48000 | ... N44: =N32*$B$44 -> 43800
A45: 2024 | B45: 685 | C45: =C35*$B$45 -> 46580 | D45: =D35*$B$45 -> 48635 | E45: =E35*$B$45 -> 48635 | F45: =F35*$B$45 -> 47265 | G45: =G35*$B$45 -> 46580 | H45: =H35*$B$45 -> 47265 | I45: =I35*$B$45 -> 45895 | J45: =J35*$B$45 -> 47265 | ... N45: =N35*$B$45 -> 47950
A46: 2025 | B46: 750 | C46: =C38*$B$46 -> 52500 | D46: =D38*$B$46 -> 54000 | E46: =E38*$B$46 -> 54750 | F46: =F38*$B$46 -> 52500 | G46: =G38*$B$46 -> 54000 | H46: =H38*$B$46 -> 52500 | I46: =I38*$B$46 -> 52500 | J46: =J38*$B$46 -> 51750 | ... N46: =N38*$B$46 -> 53250
A47: 2026 | B47: =Lista!Y1 -> 765.16278 | C47: =C41*$B$46 -> 54000 | D47: =D41*$B$46 -> 54000 | E47: =E41*$B$46 -> 54000 | F47: =F41*$B$46 -> 53250 | G47: =G41*$B$46 -> 53250 | H47: =H41*$B$46 -> 53250 | I47: =I41*$B$46 -> 53250 | J47: =J41*$B$46 -> 53250 | ... N47: =N41*$B$46 -> 53250

Sheet BASE_NF
A1: ID | B1: Nome Cliente | C1: CPF/CNPJ | D1: Email | E1: Telefone | F1: Nome do Cão | G1: Serviço | H1: Valor Total | I1: Município | J1: Competencia | K1: Data Emissão | L1: Status NF | M1: Número NF | N1: STATUS_PROCESSAMENTO | O1: DESCRICAO_NF
A2: 1 | B2: =Lista!A2 -> ANA PAULA DE OLIVEIRA VIEIRA | C2: =SUBSTITUTE(SUBSTITUTE(SUBSTITUTE(Lista!C2,".",""),"-",""),"/","") -> 04248650681 | D2: =Lista!I2 -> apovieira@yahoo.com | E2: =Lista!D2 -> 11 3763-3068 | F2: =Lista!J2 -> LUNA | G2: Hospedagem de cães | H2: =Lista!V2 -> 892.28225 | I2: =Lista!G2 -> São Paulo | J2: 46113 | K2: 46137 | N2: PENDENTE | O2: ="Hospedagem de cão "&F2 -> Hospedagem de cão LUNA
A3: 2 | B3: =Lista!A3 -> NEIVA DOURADO MARTINS MENDES | C3: =SUBSTITUTE(SUBSTITUTE(SUBSTITUTE(Lista!C3,".",""),"-",""),"/","") -> 03028310880 | D3: =Lista!I3 -> neiva.mendes@uol.com.br | E3: =Lista!D3 -> 11 4121-7832 | F3: =Lista!J3 -> BELINHA , FAROFA, PIPOCA E NINA | G3: Hospedagem de cães | H3: =Lista!V3 -> 2890.8491 | I3: =Lista!G3 -> SÃO BERNARDO DO CAMPO | J3: 46113 | K3: 46137 | N3: PENDENTE | O3: ="Hospedagem de cão "&F3 -> Hospedagem de cão BELINHA , FAROFA, PIPOCA E NINA
A4: 3 | B4: =Lista!A4 -> KARINA ROLIM PEREIRA DOS SANTOS | C4: =SUBSTITUTE(SUBSTITUTE(SUBSTITUTE(Lista!C4,".",""),"-",""),"/","") -> 31677156856 | D4: =Lista!I4 -> karinarolim@hotmail.com | E4: =Lista!D4 -> 11 2309-9402 | F4: =Lista!J4 -> VALENTINO | G4: Hospedagem de cães | H4: =Lista!V4 -> 805.9275 | I4: =Lista!G4 -> São Paulo | J4: 46113 | K4: 46137 | N4: PENDENTE | O4: ="Hospedagem de cão "&F4 -> Hospedagem de cão VALENTINO
A5: 4 | B5: =Lista!A5 -> BEATRIZ MOURA XAVIER GARCIA | C5: =SUBSTITUTE(SUBSTITUTE(SUBSTITUTE(Lista!C5,".",""),"-",""),"/","") -> 52437214844 | D5: =Lista!I5 -> biamxgarcia@gmail.com | E5: =Lista!D5 -> 11 98688-2273 | F5: =Lista!J5 -> DUDA E FILO | G5: Hospedagem de cães | H5: =Lista!V5 -> 1531.2622 | I5: =Lista!G5 -> São Paulo | J5: 46113 | K5: 46137 | N5: PENDENTE | O5: ="Hospedagem de cão "&F5 -> Hospedagem de cão DUDA E FILO
A6: 5 | B6: =Lista!A6 -> SAMANTHA SARAIVA | C6: =SUBSTITUTE(SUBSTITUTE(SUBSTITUTE(Lista!C6,".",""),"-",""),"/","") -> 01175077682 | D6: =Lista!I6 -> samantha.saraiva@gmail.com | E6: =Lista!D6 -> 11 942492977 | F6: =Lista!J6 -> VIVIAN | G6: Hospedagem de cães | H6: =Lista!V6 -> 905.537 | I6: =Lista!G6 -> São Paulo | J6: 46113 | K6: 46137 | N6: PENDENTE | O6: ="Hospedagem de cão "&F6 -> Hospedagem de cão VIVIAN
